-- phpMyAdmin SQL Dump
-- version 5.0.4
-- https://www.phpmyadmin.net/
--
-- Host: 127.0.0.1
-- Gegenereerd op: 20 dec 2021 om 15:05
-- Serverversie: 10.4.17-MariaDB
-- PHP-versie: 8.0.0

SET SQL_MODE = "NO_AUTO_VALUE_ON_ZERO";
START TRANSACTION;
SET time_zone = "+00:00";


/*!40101 SET @OLD_CHARACTER_SET_CLIENT=@@CHARACTER_SET_CLIENT */;
/*!40101 SET @OLD_CHARACTER_SET_RESULTS=@@CHARACTER_SET_RESULTS */;
/*!40101 SET @OLD_COLLATION_CONNECTION=@@COLLATION_CONNECTION */;
/*!40101 SET NAMES utf8mb4 */;

--
-- Database: `identityusers`
--
DROP DATABASE IF EXISTS `identityusers`;
CREATE DATABASE IF NOT EXISTS `identityusers` DEFAULT CHARACTER SET utf8mb4 COLLATE utf8mb4_general_ci;
USE `identityusers`;

-- --------------------------------------------------------

--
-- Tabelstructuur voor tabel `aspnetroleclaims`
--

CREATE TABLE `aspnetroleclaims` (
  `Id` int(11) NOT NULL,
  `RoleId` varchar(85) NOT NULL,
  `ClaimType` longtext DEFAULT NULL,
  `ClaimValue` longtext DEFAULT NULL
) ENGINE=InnoDB DEFAULT CHARSET=utf8mb4;

-- --------------------------------------------------------

--
-- Tabelstructuur voor tabel `aspnetroles`
--

CREATE TABLE `aspnetroles` (
  `Id` varchar(85) NOT NULL,
  `Name` varchar(256) DEFAULT NULL,
  `NormalizedName` varchar(85) DEFAULT NULL,
  `ConcurrencyStamp` longtext DEFAULT NULL
) ENGINE=InnoDB DEFAULT CHARSET=utf8mb4;

--
-- Gegevens worden geëxporteerd voor tabel `aspnetroles`
--

INSERT INTO `aspnetroles` (`Id`, `Name`, `NormalizedName`, `ConcurrencyStamp`) VALUES
('52ad8cbb-ebc7-459b-a805-370ff9d1f003', 'fan', 'FAN', 'd89625cf-86f5-42bc-9fdc-68727897e4fe'),
('d6395d2f-065a-4ffd-859f-9efe91ad8bf2', 'creator', 'CREATOR', '225091b4-1a97-41d0-89e1-4a12db9a3e3c'),
('df67da9f-fdb1-45e5-9f5d-7408c66fb06f', 'admin', 'ADMIN', '161797c0-b340-4f58-a1dd-0c807b7a1495');

-- --------------------------------------------------------

--
-- Tabelstructuur voor tabel `aspnetuserclaims`
--

CREATE TABLE `aspnetuserclaims` (
  `Id` int(11) NOT NULL,
  `UserId` varchar(85) NOT NULL,
  `ClaimType` longtext DEFAULT NULL,
  `ClaimValue` longtext DEFAULT NULL
) ENGINE=InnoDB DEFAULT CHARSET=utf8mb4;

-- --------------------------------------------------------

--
-- Tabelstructuur voor tabel `aspnetuserlogins`
--

CREATE TABLE `aspnetuserlogins` (
  `LoginProvider` varchar(85) NOT NULL,
  `ProviderKey` varchar(85) NOT NULL,
  `ProviderDisplayName` longtext DEFAULT NULL,
  `UserId` varchar(85) NOT NULL
) ENGINE=InnoDB DEFAULT CHARSET=utf8mb4;

-- --------------------------------------------------------

--
-- Tabelstructuur voor tabel `aspnetuserroles`
--

CREATE TABLE `aspnetuserroles` (
  `UserId` varchar(85) NOT NULL,
  `RoleId` varchar(85) NOT NULL
) ENGINE=InnoDB DEFAULT CHARSET=utf8mb4;

--
-- Gegevens worden geëxporteerd voor tabel `aspnetuserroles`
--

INSERT INTO `aspnetuserroles` (`UserId`, `RoleId`) VALUES
('0b8addaf-b561-4922-a9ca-57cc6027007d', 'd6395d2f-065a-4ffd-859f-9efe91ad8bf2'),
('11761353-05ce-49ad-a4d1-b471260c6dce', 'd6395d2f-065a-4ffd-859f-9efe91ad8bf2'),
('321d141e-e28c-455d-8922-1fc8d92c0267', '52ad8cbb-ebc7-459b-a805-370ff9d1f003'),
('3e9de703-d5fd-4ee9-977c-d1cb733e9f37', 'd6395d2f-065a-4ffd-859f-9efe91ad8bf2'),
('4316c7b1-e83e-4e65-be9a-b833496b3f38', '52ad8cbb-ebc7-459b-a805-370ff9d1f003'),
('abdffa12-ce30-47fc-bbfc-c3a8098ab174', '52ad8cbb-ebc7-459b-a805-370ff9d1f003');

-- --------------------------------------------------------

--
-- Tabelstructuur voor tabel `aspnetusers`
--

CREATE TABLE `aspnetusers` (
  `Id` varchar(85) NOT NULL,
  `UserName` varchar(256) DEFAULT NULL,
  `NormalizedUserName` varchar(85) DEFAULT NULL,
  `Email` varchar(256) DEFAULT NULL,
  `NormalizedEmail` varchar(85) DEFAULT NULL,
  `EmailConfirmed` tinyint(1) NOT NULL,
  `PasswordHash` longtext DEFAULT NULL,
  `SecurityStamp` longtext DEFAULT NULL,
  `ConcurrencyStamp` longtext DEFAULT NULL,
  `PhoneNumber` longtext DEFAULT NULL,
  `PhoneNumberConfirmed` tinyint(1) NOT NULL,
  `TwoFactorEnabled` tinyint(1) NOT NULL,
  `LockoutEnd` datetime(6) DEFAULT NULL,
  `LockoutEnabled` tinyint(1) NOT NULL,
  `AccessFailedCount` int(11) NOT NULL
) ENGINE=InnoDB DEFAULT CHARSET=utf8mb4;

--
-- Gegevens worden geëxporteerd voor tabel `aspnetusers`
--

INSERT INTO `aspnetusers` (`Id`, `UserName`, `NormalizedUserName`, `Email`, `NormalizedEmail`, `EmailConfirmed`, `PasswordHash`, `SecurityStamp`, `ConcurrencyStamp`, `PhoneNumber`, `PhoneNumberConfirmed`, `TwoFactorEnabled`, `LockoutEnd`, `LockoutEnabled`, `AccessFailedCount`) VALUES
('0b8addaf-b561-4922-a9ca-57cc6027007d', 'admin3', 'ADMIN3', 'admin3', 'ADMIN3', 0, 'AQAAAAEAACcQAAAAEKlzKginMBpiPoLR0IGYqS2EaIXAaLbnBAPqpjgAtbJS7cMvBylWEdXePtJwf8qUTg==', 'P2FPPAKQLWEPLPAESNB4CFQAODBGHSIL', 'b6b22e8c-735a-4871-b99c-41f53a8adde8', NULL, 0, 0, NULL, 1, 0),
('11761353-05ce-49ad-a4d1-b471260c6dce', 'admin', 'ADMIN', 'admin', 'ADMIN', 0, 'AQAAAAEAACcQAAAAEK/XDCM4gxeufNTYYs8Z/r0gYfISC9yXAGAXeSVK7XsCJz7pBKrnqkPjBM2b52OZlw==', 'K4N6ZJSZDKIEHWSME3DIKOPEGB337O5Q', '190edd73-91fe-48a1-8634-d8e789f9d7b3', NULL, 0, 0, NULL, 1, 0),
('321d141e-e28c-455d-8922-1fc8d92c0267', 'fan3', 'FAN3', 'fan3', 'FAN3', 0, 'AQAAAAEAACcQAAAAEMAX3OUAX8Oh+bFENEdbQ/C08uJ9yCVLBt6LlZADtheSuChFbiuaYDoU9t5aGDCiZA==', '64NMIFICUETUNLSZQJGOTL337QJI6M6E', '3eba2625-083b-430d-9bdf-6f1ab8ba1924', NULL, 0, 0, NULL, 1, 0),
('3e9de703-d5fd-4ee9-977c-d1cb733e9f37', 'admin2', 'ADMIN2', 'admin2', 'ADMIN2', 0, 'AQAAAAEAACcQAAAAEBGuHjG8/mpb4Rj8h4+tGVieWv7NmrRAIVJ3eX46B0BiEQfRYwse7srrCnjt+Fdw1Q==', 'ONT4DE4ZD6DAO6PXRH4Q4GQCFAVUIE2J', '3e9b72bf-6f91-4eca-9c54-fc1fe17e0dc9', NULL, 0, 0, NULL, 1, 0),
('4316c7b1-e83e-4e65-be9a-b833496b3f38', 'fan', 'FAN', 'fan', 'FAN', 0, 'AQAAAAEAACcQAAAAEH9l0pnt6R8lTJx2j8aIp1RSWoIGAcPe4jwaVr1ac3FFFdbIgUhXyL9i6nDZKmoMDw==', '5KRTCMQXTZSTUWZSWT5KGXGTX22KGJYX', '00243124-1eb9-4857-9d17-b8c64ca80387', NULL, 0, 0, NULL, 1, 0),
('abdffa12-ce30-47fc-bbfc-c3a8098ab174', 'fan2', 'FAN2', 'fan2', 'FAN2', 0, 'AQAAAAEAACcQAAAAEKkhqNW/SGXqU6xWRzymCxeEFNtGZav7P3gsBAMg6UutCzRfrI+9sPGs5GRxBZkTdg==', 'TNXNOVEJPL56DVLCAX4O6PH7BMCGAGJA', '8d305e8c-7498-4c7b-bfb4-cff33e732c3b', NULL, 0, 0, NULL, 1, 0);

-- --------------------------------------------------------

--
-- Tabelstructuur voor tabel `aspnetusertokens`
--

CREATE TABLE `aspnetusertokens` (
  `UserId` varchar(85) NOT NULL,
  `LoginProvider` varchar(85) NOT NULL,
  `Name` varchar(85) NOT NULL,
  `Value` longtext DEFAULT NULL
) ENGINE=InnoDB DEFAULT CHARSET=utf8mb4;

-- --------------------------------------------------------

--
-- Tabelstructuur voor tabel `__efmigrationshistory`
--

CREATE TABLE `__efmigrationshistory` (
  `MigrationId` varchar(150) NOT NULL,
  `ProductVersion` varchar(32) NOT NULL
) ENGINE=InnoDB DEFAULT CHARSET=utf8mb4;

--
-- Gegevens worden geëxporteerd voor tabel `__efmigrationshistory`
--

INSERT INTO `__efmigrationshistory` (`MigrationId`, `ProductVersion`) VALUES
('20211101103643_init', '5.0.11');

--
-- Indexen voor geëxporteerde tabellen
--

--
-- Indexen voor tabel `aspnetroleclaims`
--
ALTER TABLE `aspnetroleclaims`
  ADD PRIMARY KEY (`Id`),
  ADD KEY `IX_AspNetRoleClaims_RoleId` (`RoleId`);

--
-- Indexen voor tabel `aspnetroles`
--
ALTER TABLE `aspnetroles`
  ADD PRIMARY KEY (`Id`),
  ADD UNIQUE KEY `RoleNameIndex` (`NormalizedName`);

--
-- Indexen voor tabel `aspnetuserclaims`
--
ALTER TABLE `aspnetuserclaims`
  ADD PRIMARY KEY (`Id`),
  ADD KEY `IX_AspNetUserClaims_UserId` (`UserId`);

--
-- Indexen voor tabel `aspnetuserlogins`
--
ALTER TABLE `aspnetuserlogins`
  ADD PRIMARY KEY (`LoginProvider`,`ProviderKey`),
  ADD KEY `IX_AspNetUserLogins_UserId` (`UserId`);

--
-- Indexen voor tabel `aspnetuserroles`
--
ALTER TABLE `aspnetuserroles`
  ADD PRIMARY KEY (`UserId`,`RoleId`),
  ADD KEY `IX_AspNetUserRoles_RoleId` (`RoleId`);

--
-- Indexen voor tabel `aspnetusers`
--
ALTER TABLE `aspnetusers`
  ADD PRIMARY KEY (`Id`),
  ADD UNIQUE KEY `UserNameIndex` (`NormalizedUserName`),
  ADD KEY `EmailIndex` (`NormalizedEmail`);

--
-- Indexen voor tabel `aspnetusertokens`
--
ALTER TABLE `aspnetusertokens`
  ADD PRIMARY KEY (`UserId`,`LoginProvider`,`Name`);

--
-- Indexen voor tabel `__efmigrationshistory`
--
ALTER TABLE `__efmigrationshistory`
  ADD PRIMARY KEY (`MigrationId`);

--
-- AUTO_INCREMENT voor geëxporteerde tabellen
--

--
-- AUTO_INCREMENT voor een tabel `aspnetroleclaims`
--
ALTER TABLE `aspnetroleclaims`
  MODIFY `Id` int(11) NOT NULL AUTO_INCREMENT;

--
-- AUTO_INCREMENT voor een tabel `aspnetuserclaims`
--
ALTER TABLE `aspnetuserclaims`
  MODIFY `Id` int(11) NOT NULL AUTO_INCREMENT;

--
-- Beperkingen voor geëxporteerde tabellen
--

--
-- Beperkingen voor tabel `aspnetroleclaims`
--
ALTER TABLE `aspnetroleclaims`
  ADD CONSTRAINT `FK_AspNetRoleClaims_AspNetRoles_RoleId` FOREIGN KEY (`RoleId`) REFERENCES `aspnetroles` (`Id`) ON DELETE CASCADE;

--
-- Beperkingen voor tabel `aspnetuserclaims`
--
ALTER TABLE `aspnetuserclaims`
  ADD CONSTRAINT `FK_AspNetUserClaims_AspNetUsers_UserId` FOREIGN KEY (`UserId`) REFERENCES `aspnetusers` (`Id`) ON DELETE CASCADE;

--
-- Beperkingen voor tabel `aspnetuserlogins`
--
ALTER TABLE `aspnetuserlogins`
  ADD CONSTRAINT `FK_AspNetUserLogins_AspNetUsers_UserId` FOREIGN KEY (`UserId`) REFERENCES `aspnetusers` (`Id`) ON DELETE CASCADE;

--
-- Beperkingen voor tabel `aspnetuserroles`
--
ALTER TABLE `aspnetuserroles`
  ADD CONSTRAINT `FK_AspNetUserRoles_AspNetRoles_RoleId` FOREIGN KEY (`RoleId`) REFERENCES `aspnetroles` (`Id`) ON DELETE CASCADE,
  ADD CONSTRAINT `FK_AspNetUserRoles_AspNetUsers_UserId` FOREIGN KEY (`UserId`) REFERENCES `aspnetusers` (`Id`) ON DELETE CASCADE;

--
-- Beperkingen voor tabel `aspnetusertokens`
--
ALTER TABLE `aspnetusertokens`
  ADD CONSTRAINT `FK_AspNetUserTokens_AspNetUsers_UserId` FOREIGN KEY (`UserId`) REFERENCES `aspnetusers` (`Id`) ON DELETE CASCADE;
--
-- Database: `mygram`
--
DROP DATABASE IF EXISTS `mygram`;
CREATE DATABASE IF NOT EXISTS `mygram` DEFAULT CHARACTER SET utf8mb4 COLLATE utf8mb4_general_ci;
USE `mygram`;

-- --------------------------------------------------------

--
-- Tabelstructuur voor tabel `creatorfans`
--

CREATE TABLE `creatorfans` (
  `Id` bigint(20) NOT NULL,
  `CreatorId` bigint(20) NOT NULL,
  `FanId` bigint(20) NOT NULL
) ENGINE=InnoDB DEFAULT CHARSET=utf8mb4;

--
-- Gegevens worden geëxporteerd voor tabel `creatorfans`
--

INSERT INTO `creatorfans` (`Id`, `CreatorId`, `FanId`) VALUES
(1, 1, 1),
(2, 1, 2);

-- --------------------------------------------------------

--
-- Tabelstructuur voor tabel `creators`
--

CREATE TABLE `creators` (
  `Id` bigint(20) NOT NULL,
  `Bio` text DEFAULT NULL,
  `Website` text DEFAULT NULL,
  `Username` text DEFAULT NULL,
  `Email` text DEFAULT NULL,
  `Tokens` int(11) NOT NULL
) ENGINE=InnoDB DEFAULT CHARSET=utf8mb4;

--
-- Gegevens worden geëxporteerd voor tabel `creators`
--

INSERT INTO `creators` (`Id`, `Bio`, `Website`, `Username`, `Email`, `Tokens`) VALUES
(1, NULL, NULL, 'admin', 'admin', 200),
(2, NULL, NULL, 'admin2', 'admin2', 0),
(3, NULL, NULL, 'admin3', 'admin3', 0);

-- --------------------------------------------------------

--
-- Tabelstructuur voor tabel `fans`
--

CREATE TABLE `fans` (
  `Id` bigint(20) NOT NULL,
  `CreatorId` bigint(20) DEFAULT NULL,
  `Username` text DEFAULT NULL,
  `Email` text DEFAULT NULL,
  `Tokens` int(11) NOT NULL
) ENGINE=InnoDB DEFAULT CHARSET=utf8mb4;

--
-- Gegevens worden geëxporteerd voor tabel `fans`
--

INSERT INTO `fans` (`Id`, `CreatorId`, `Username`, `Email`, `Tokens`) VALUES
(1, NULL, 'fan', 'fan', 1100),
(2, NULL, 'fan2', 'fan2', 0),
(3, NULL, 'fan3', 'fan3', 0);

-- --------------------------------------------------------

--
-- Tabelstructuur voor tabel `likedposts`
--

CREATE TABLE `likedposts` (
  `Id` bigint(20) NOT NULL,
  `FanId` bigint(20) NOT NULL,
  `PostId` bigint(20) NOT NULL
) ENGINE=InnoDB DEFAULT CHARSET=utf8mb4;

--
-- Gegevens worden geëxporteerd voor tabel `likedposts`
--

INSERT INTO `likedposts` (`Id`, `FanId`, `PostId`) VALUES
(1, 1, 1);

-- --------------------------------------------------------

--
-- Tabelstructuur voor tabel `posts`
--

CREATE TABLE `posts` (
  `Id` bigint(20) NOT NULL,
  `Image` text DEFAULT NULL,
  `Description` text DEFAULT NULL,
  `Likes` int(11) NOT NULL,
  `CreatorUsername` text DEFAULT NULL,
  `CreatorId` bigint(20) NOT NULL
) ENGINE=InnoDB DEFAULT CHARSET=utf8mb4;

--
-- Gegevens worden geëxporteerd voor tabel `posts`
--

INSERT INTO `posts` (`Id`, `Image`, `Description`, `Likes`, `CreatorUsername`, `CreatorId`) VALUES
(1, 'data:image/jpeg;base64,/9j/4AAQSkZJRgABAQAAAQABAAD/2wCEAAoHCBUVFRgVFhUZGBgaGhgaHBwZGhoYGhgYGRkZGhoYGBgcIS4lHB4rIRgYJjgmKy8xNTU1GiQ7QDs0Py40NTEBDAwMEA8QHxISHjQhISExNDQ0MTQ0NDQ0NDQ0NDQ0NDQ0NDQ0NDQ0NDQ0NDQ0NDQ/ND80ND80PzQ0NDQ0MT80NP/AABEIAN8A4gMBIgACEQEDEQH/xAAcAAACAgMBAQAAAAAAAAAAAAAEBQMGAQIHAAj/xABAEAABAwIEBAMFBQcDAwUAAAABAAIRAyEEBRIxBkFRYSJxgRORobHBFDJi0fAHI0JSkuHxFYKyU6LiFhczQ2P/xAAZAQADAQEBAAAAAAAAAAAAAAABAgMABAX/xAAhEQADAQACAgIDAQAAAAAAAAAAAQIRITEDEkFREyIyBP/aAAwDAQACEQMRAD8ATZ3XfDGPZpJqNGpp1MdvtzB7Feovgek/F5/JJc4xrZE4kv0uEABroI5yAs4Z4qCGYg7bGG9e3cpae8l5WEud5YXw9k65AbHUQrBVaYE7wJ9yBYzQaDC/WXVDF5kn+8KyYrhGs67KgHYun02RmsRqnWczzDHVWViBEscY8PIjn1sUbgKzqrC98F3tGtkCLaJiyuGJ4CxD5OtgdG8c+U2uoWjB4X9y9zHuBlxDHkawAJLhaeVui1VqBM4xExjKZL4JAgkHaNXT3JnhqwfocwANIkACLk9PRO8BSweIcabKbHmJMNqaYHU8k0p5ExgAZTY0AQPvCB70in2WDKseiVgu53IA/kPoo9J0wP5ifcP/ACVgGVkWDG/1O/JCVKdJstL2NI3l/wCam/Gx/dCdlLxEHYBo9T4j/wAh7lvhqdieoJ/qNvmE1wtNlQnQ5j+ul+3uCkfl7mxDP+8fUI+jN7IV08KXMcP5ntaPLn81TsZk7JBkgG9u7iPlCtOaZkaNanSDQJl7pOoxB2I8lXsPmNJ7If4XN0gDVBfc7W6jZbDbpWqVXS83sDFyrDgM1Y3chCV8BRLvuPF/+oN/6UJmGGZSAdpIJ2brk7TJEbKsUswlcNvS9ZTmbHvDWkEmdvKUv4jLS3FUybnS4DnIY2PkkXBuKJxVMRvr/wCJV+xNClR9piX7kt9dIhrQO5TugKVmHLchZV1gMYdQkiQQI5p5jxWe0tcxgn8Rn5K4ZXi8GNVSrXYXv/h/hYNw0d+pRrM4y6bYin6n+yHsxPU43j8K9roInykp9kuWU34R7nga9cCd4AER7yuk/wCr4A//AH0T/vC3p5lgDtWo/wBYRdcDTK3kT/tFpk4OkAObPgAub02eICOYXWuNC0UGavug/CFziu+jyInldKjNfRnNg0aZG/eFHg8Qxp3b/UEtxz40yCQZWadZn8h9ypPQrLJrDmSDMkC110tjYAHYfALmGXwWNAES8BdSi6IhmFhSWXkDHLa3DNEYhrASGOD3xO2mLA8hdNBw7hg2G0wQf4pJd6OSRvDGJcA19QAAm4LiSDEi/Kya4TI3U2hrS6343j4AwisH1kLcEKOIwzWGPZue8ahq7kFO8z4jxdMlzKdIsDWm7DPiJbaHdWlIc1yes/S5kkg3l5ktO4BKd16BbTYHOLtVN+rUZIIqNIE/7ip0sXAyrezV3FmNEO+ys06C9zv3gaIBMb9lTsTqPjMDWNfX741fVdFdmGHdhjR9o32j6b2taZlxAggWuqLj6ellDfxUKZ8oaW/RS5KTiHPBOYvpl7WUg/UA4nXoLWtt08W6dt45ZIa7D1GkiR42mW3g+sFVHhnGPZiGNaBDzoJPIEz9E9wuHaazJAtrbfs94W1ozxhNL9odB7XxTrAgRPgIBd4W7O6qq4+oZgi+6t/G2EY3ChzQAS+ncACfGOiqmf0yys9vOT8ZI+a2thngBr4PFObNGnUv/EwkbbjwlR0MFmeoDViGDm5z3ho7kyrVkXEVGjT0VHaDqJBIMQfJO25iys1zaZLyREBrufmE6fAtLk5rlmIq1cQXVKjnllOoZc4us1rgBJ7lT5VhCcRRb1qM+cqz8Ifs/wAS59R1Vpptc1zATvDnAkj3LpOV8CYWlpcW63t2cdweoQa0ypLs57i8EwvMgffj01D80PxFwxVruoGjTL/3YDiIgXtJ9V2VmTUAZ9m2d5gTPWfRFsoMaIa0D0SKcM/Kn0cZ4a4AxNLEsqOaA1uokz1BCf55wJiMVUaTWDKTYhgF5/iM9V0kvHReFRPpPWc7w37MKAPje9wjYuj5Ixn7LsDzYf6nfmrzrCwaiG4ZtlErfsqwJ+6wtPUOd9Stv/a3BwB4xtzmVcn4mFinigeaHutN60V7iThL7TRNPXHRcaznhGvhKjA8AtJMOHbke6+jhUCW51lzMQzS8AxsY2Kb2Mt0+a89ZAYPP6Iam90K08f5E6lUbpFr+ireGwr4mJVZfBq7LDk8ltKedQf8guqndc+4aymq8UnNZ4W1JcSQAAHTz3XRRRPb3hFsm0RSvLf2Du3vC8hpimMzo86YPkYUn+ts50z70lcx3QhYbOxC5fzMj70OjnbP+mf6gsf61SNnMN/IpK9hI6LDKfXbsFvzM35KH7cfhTB0wW7eESJ3jotHU8E+NTWmBA1A2HRI3MBIAG3a57rwww6o/m+wry0WPDYXCA6mBjXC4MAEd7qR+X03uDi64MiHDmS6SOdyVWDR/Uoqhgi4gfKU35kx15WxtT4ZpQ9oL4eWuPjLoLXFw0g7XKc4fgpteoar3OM7iwBtHTsiOGOHSIc8Gd4JKv1FgaICZUmV9mkIcr4Rw1Ef/GHO6u8XulPKeGa3ZoHkApwvEplgNbMBq8StS8KDEVbJXSRkmyVzwtKjxCXuxQUT8WCou9LLxhZesh6CZWlbOqIew/qFmooa+KACGqV7JZisRulqhpgHzPOQwkShsBnwnxGFX86duSq/gmVMS9zGEgC07QtKdD0klydcy7OGPJDXA+qOxGKgSuMZdh8Rl+MYXkupvOnVyk7ArqWIr6qZd6quOSLSYFxLkbcUyf4uXqqS3hnQY/XzV2o5jpbErxe2o3VaRY+aMVjFpC7I8L7Onpn+InpvCYgLDWQtguhkDEBYWdJ6LyACkinPNYcyFMRF4/XVYsSbG0cua83TmNKgkCGiUM7mIt+uSO9kTt8bLD6LucI+xhaah6LAf+tvJMPYTssOpXu31Q37MDsYDyv23V/4ZyptNjXOb4nX8QEhIuGsG19UEizfEfRW77SNWomwTydXgj5Y1a8BG0SYulNKpqIPJNmvV4LWjeVq9yx7RR1qghM2Ip5I31ISnHY4Dmk+d5+7UadIang3i8JFmJxOnWY6kDdK5pnTMpDHG5kZspMLiy4KmYPOA6zlYsprh2yhUuXyV4wsmHrFEe0QuHYVOQVkxWjLjZAYlhTFjLKVlAHdDNCnhzbidjhYc1NwXppB5cBqm6sXEOXCQSNjKSswkugWB3hdHjpT2Jc+yC81xtPEtDGkS17D5QZVgoMDqRZ2PySbAZO1k6W7p3g5a4J6pPokp9SpY/EGm8A7HYonKMefGBc6dQ8wteJcvc9r2gXY6R5IHI6T2vaDYEEH1Cix8TkkdxC+TZsjstBxK/m1tkDjMJpe4GxBKAe2JvP1hN7v7PNqmmP/AP1b+Fq8q9r/AABeQ939g92PHW5/ReBdG63hsbStnRzHP1XJ7ITTTxHnK0c4g7WWwZPzi684D9FHTaaNqE9lsKhJgFauYDsYmO/uWHAAADbmlehLRkZ00HuG5On0RGWM9q86vut5dfNA5ZVH2dw5h0n1RWUVCwkg7q0vD0vFP6cDSpmDQ/QCN4T1jrDyVDxzCMTTcNnG/nurxRdLQrSw1PRuXpVm2Kc1h0po9qWZnT1NICZd8gQo4RwLPYe0N3Pc4uJ6yQvZzi6bLSL2hL24t1CkKTZsT8TP1VSzTB1aj9es9YXTspA2mxRWw8V3hv3dXh8jdXLhjBuFyUmwuElwkXkT6K95HhwIXL5mn0XmcWjNlOAtgyUTVZC1pMUUg6asYt22Wr36UtxuYhpuU6gVsLzWmHs7pVhcM0IOvxCxvhJQNDiSmXhrTzCLlmTwuNGkFN9mBvCGe+AD1Cmo4lFCUBZlhCQXjbmq8wNDxfmrqQHsc3qCubuJFdw5CVqeGhawnOaLHjWPvi3mFX3YQ9fOUxbitbnsIixj0UDXG3JQbOT/AFRlaL/9Pd/N815MdZ6ryHscuB+oWgeqw6Csl/IFaFw2UcNplrgCtHCeX91kunlsto7LJmIxp6LdobuBHKCswYXi7sjuBCMNiIDmbavmEZleIBOnmk+uLxdG4Mgu1xB+aKrk7f8AN5kk5osn2bUWu6FPsLcJPlb9TL9U+wzIauqCrpMzU2QGJFkwqiyCqBOzIrmMpA8kprUJNgrW7Cait6eWtHJK2yiaRV8BlpnUQrJgqemFMaACjLwFNtj7owcJQ76oaCs0qsAyqnxNnjKTC6f8qvjneWTbDM0zZrBJdCpmZ5sXO3VTx3EdStUEmBMAeqmxuKhytgU0gHPMe7XZxUOAxDpDgbyLoTHnU6UTkglwB5JvXgnVvTtmX5kH4dhJ8UCUTSxHdU7Lq+loanuBqyVBrk2luy98tKouZM0YqoO0+9XXK3eEqr8aYYsqMrgS1w0O7EXB9fokvofxsS0KEvc6Lhrlo8uMC0Ac+90yyKoHvAiQQ6fIhDGjpJHcrno5v9naBPZ+S8itB/CvJTjw3Y5oAnf5rwaD2if0AvO6SOy8SlF0y1gFokf2XgW9PisPaYgHeJtyWBTaCYJi0I4E3L278+nJa6zErXQNuv0W0iI/Q7oBPA8v8ypabTNlp7ETIde/yRGH8MNBmSmXYUWzLKOlgnc7p5SbZL8PRhjfIJgXWXbCxHZPRrVKGe1SvKHq1w0IseWS0Gqd4EJXg8e10x1hG1qllvgb5BK70urVFNWqXSbE4mHEKWFExhmGI00yR0XIuK8Y+pLTsD8V0DO8X+6sb3XL8e8kn1XTE8E6rBXg6PPmt8ViZctW1g1pndL3vJMlVaJ+xK6qmuRM8cpRTpFxhWnJcLEdUtViwCHjcQGAeis2Tvls9VRH1Q/Eeyna/uV2yp4EN6KFDsumWDwlTY+kHMLXAEHcFBYKqdgmtRkt9Eo0vCr4bCspnwNASfGs8brGNR25X2TuiZcR0kfRD5rhdD55PEjz5hQ8i4I/6OVoln8PzXkVpP6BXlHEcYK8N29P7rDY258p5fqFrRp/xEdgDyjmfcsGnqOp55ke8QghcJHQCL2ItB6XJUb3m+nb9f2WwYNwDy72H5rc0iNLf0e3kFmbAZj3BxETAnr+tlKwz5frZS/ZxvJbfyneBK8AAwmYjb81gpG5cJmeVkfluG1PHK9p+qAa+budqN7wBA3iAIhN8qwpe9sHSBcynnseey5MHhHkvByw50WC0Dl3Lo7M4MVnJbi3xIRVV90uzB91grgo+G4hNJ7mHYOI+Ku2BzNr2NIO64nxBWc3EvZ+M/G/1V/4Sn2LLpsWDLllpxNS8pBj33nzR9fEBu6X4pwIB5FL6j6JMzxUtiVRse8yVd8bgy425pRXyBxfCeXglLWUwsJW9DBklW6lkHiIhFYbKQ0EkbJ3RlH2JMvy37tuasmIw4osc8iAGz8FM9rWMYRFyJXuP3acII5uaD5FTYG0iv8ABuHdVqPqkSZ3V0pM0vEIHg/Btp4Vh5vAJ9bpwyiC7e6lb5DK0smWAuICfllknyKncFPHi0rTyjdFYr0yys4ciZ962zpv7qebSCI3vb8kwzOjLmP9D81Di2zTcOx+UoVP6sS+UVLSOrl5bau6wuI4iEBonmRbyW0giREm/r5LLKjR4nb/AJrL40zA1Xi90cAerENHwkdT+SjfUiRvuPWY35XCwa87jzlb6AfERA5Dub396ywxC95P3j0HWPRaNa4iTsCf7T6KbQG2jVv5dBHXZeL7m1oJ9fJCkjGmi25IN+9lYMhedQmxNykjNIG1jt7tgjstcS4Bsjz26bpof7IeFlF5cLKFGMo+ATvAQbrLvOuXoszCk+5CWuqkth26sb3iEpxNAG6VvkY41xvhfZ4kv5PaHeux+QTbgTiFoIovMeK3qt/2pYdumk/nLmekT9FzzBVix7XDcKq5QrblnQOOM7cx7Ws6lDYDPHuY0OF+vZVLM8c6t4ndk6yVgdSDukj3JlIyrXyddfgGhtM9Q35IDGsaMS0WhH8QY0UqVIzFmH4BUuvm3tKheL6TZBSDnR3X0NruFtkgxuYta2oFBi8xc6o5/Uqo8Q1na7OPiF03qZt4T5nn2um1jDBBknyTvirNRXw2HaL6y2esgDl6qgkpxw7RNSvTaSdLTq8tJlK1gies6pgAGsawWDQAPICExw1OSEBSE7J7leHkiVz9sr0h/k9CBKaaOSHwzYCID1ZTiJ7rAsSLEevuSnF1IY7yPyTfE7nuq/mb/A4dbe9Tt4mC3wVr2h/lXkT7AfoleXFhyC32kmIJKnYzbVIvHeFOQ0iwFtj3HL4LJYIuZ6cvcUreGwg9jNj1M+Q3vK8+kQWjkeYvCwx8z4oEevvHlK97chsidr84PSEmAJnv3DSI8vhPW6iBIAPPSdgTG+49y1c50Gwk3BjYkCSB6BZ1GYmD4iR1Cb10OmKYkAgi20ja8Aj3hWbhigNesm0wJH0VdZ2E+nLf6FWHhh7y4taZAMcx3Eq3jnKQ8dl3LbJbiacXTQKLEMkLva0vLxiCrUhQuut8yolt+SHwlUFRaelvgqH7Q8tLsK8xdhDx6G64tsV9F8UsDsO9vVpXzq8XPmVaCdBDRLSrTw0ycOexcq/hKfg1eadcL1fA9v4j8QqyhpzS153mftKdNhudIHlASTLXQHBexL7tQ2BqQ5wRwqpJ6rrquZoNb2jqn9c2JVeYdVcSs2LfRHm1BrdAb0M+kJ9whRDdTyOgB+aSZy8OfbZtlauHqBFNsc7+9R8jxEpXJb8uZKuGWUICruT0tpVow7rKUr5Gp/AyYVI0oVjlIH3VWIiPElVvHuu0coJPnsPUbqyYz7pVcxeH1PBJiOXXtC5/M8kFt4Jf9P8A/wBHe/8AsvJt9m7Ly5tObGKGNcROxn635KJ0nwgTMgTz3k9hCJLJO5JiTzjsBz2WXUxcDfrE/D3pFybOAMuN2i8WEQLWgE+/3LNKlpPj3kbkAuJ6D0U7QBbTc73kWH3kQymwaZuJJM9exPdbNMkDmk4jRMAWMnkTc/EKVtAGP+QEkb7deW6mdUbBsNVrkCY6Sh/tIgfT4/JBvGbCZrWDwxqJsZHLoVZ+HsUza2o+naFUGPa7SRPUk73sAiMqJdUY1s/eF5jc/kqeO2qGl4zpQetS5YIWF6SZfCDEUg4QVXquXGm4lu26spQWa4kMYf5neBvdzrD5oOUxpormZM1scDzBC4RnmUvovcDtuPIlfQOIIa5zAQ4tsexiYPdc/wD2gZUXs1gbG/klXAzWnO8ufLS1E8N1dNRw6j5f5QdKlFwosPUNN4d0PwKsjLsttYzfogsE/wDeOEcp+KYPeCwEc0FgGTWPdpCYsgnEXafJVnA0i+t6k+gVozQhjCeyrOXlzS58bgifNB9iWa1mB1VwF/FC6XkuE0taCOQVEyHAe0qtnYGT3XTMKyBC5/JyyaG2CsnNApNhimFOpCCYGMA8qeg9ANqyjKSOmCXCZHVJsW2Cf1zTiUnzZ0PHSLqPm/kFdGusdV5AF56hYXJ7Ilomp1C0AOMC5M/rdafadJaNVySbWtstX0zAvM/wjp+pWrTsSCBflc2gW+Pqp6iGhTq0AQYvz6XhaUngyZJMyQT5cioGDUG84Inp/i6Iq1IB3AN+U8hvG0ouuDaec7Zsm4/PZRMqbgCI7bWvHVY12bI6c+XOPeFrTu0bERHMmOSEmNqZuDfT18otHK6f8MuLsQ2eQMeV9++11X6QBJ73A5xsR23Vn4RbFciR90/T/Cp4v7Q09l1eVo5y3eEM4r1EdSRh70i4hw9R5ovpgE06mpwcYEFpgxzh2mya1ihSbrNhSF1LLyxkFxc9xL3u/me4yfTkB0CCzTCB7Cw7EH3pvUqIYs1KejpnD82y11Co5p2mySYhskldg4tycPbMbLluJpadTTvKrFbwM5+QjL8UdAB5WRGGxDWvmUsomFrUd+8VBkNMyqOqw1ux3WcZSDKTWgXmSj8lwgedR2hKczraqjgNhZCmCmh7wphbF6trKwsEi4aIbRHeU2pskrkp8iMb0KgRlNyX0WQEfQashA/DMTBjkJSZZTUnKiQNCdSU524SBB2JtyTMFKeIK2jRaxUvN/LBXQv1M/F715K34oybHc8ivLztOf2RCB4rXvYm2/1XqhAc4kG1vFystPbQ7rBEdPuz9FJqEPc7clsA/wC6/wAkiWCEBBDbH709olavMuaDzi/W5kdkRVqaWTIEC8wdhIkeiHbTMMaSCWguJiJ6/runzgwQ5kCbc2ieRBv7tlBWeLHqYBEiCCtiACG9AO87H8lpTdDiIlrWmL7GZmNzy96acZguiATewB32P+D9E84RdGIIEbOE9bSVWnPLgS353knmrJwsS2qwHmD6W39b+5P4/wC0NPZfCUPVaiGiVFVK9Q6QGu9CEomuhHIMZMVVq7g/smOGcC2yXY9nNLqOMcw2NuYU95GGmaM1NIXJOIMB4yQOZXW31A5m657nrNFQz3TR/Q6f64U8t3tBUNOj4vRNsbTB0kdEPRF10MaeR/lg00Kh5hhj3KpuMCeZKu+WUNbXM6j5pvk/A1NzmueJAMxO6ALXAlyZpFJgKf4ViKzykwVA1kQ0QQOR6KPDssuSuyYWwI/DhA0gimVYTShRtRqwiSzoltFwIsj6T5b5JzG4SHithLWRcydzHRPBUSbi3SKGs/wm3OZsbJPMv1Yl9FPdUfJ8TveFlb/aG/i+H5Ly8z1RykzKcxH3d5PJxm3lAK8+oInciCTyHKQvOcAzSN7k+QG0bIBjz7ICLkyb7eLfp0Wrox5zoYA5uqSXG9i2D8NgpX4gaWAi7z3+7YAfFQYsAaSTZ2psRblc+cHZTR4WA3I0xFul/pCwCXUSXPiGiwja55+g+KkqQwtcbviAOZJ2gfrdQV8QGwAAS3U7aBY9OakrVBaLvMuvsPLujKCZYA1l9wJMzvBNz2+qcZJidFRj3EXLRuOfr3SipT1NA5ODudzBAKNxmVGlpa7qHC82gnl1+CaU1WjT2dReYCgdcKHC19dFjjzaPkt6b5aV6q5R0p6BYgoQuROJchC5DeQ4CVmyldTCCZCc1hZA1HJGMmewzbQq/wAWYNsB58k9p1YKxnGDFag8fhJHmmjsfSs5lgKVSm1zQJDRt1VNfRLTEJtlr3NY4E7SjKDGFjyReFdjzwa8O4gl3oFdcXnYoUZ5mzfNc7oZmyiXG86bR1WaePqYt7GmzR3St4G7XRZcjDnsdUf9573G/SYCcaQAhMPDQGjkIUlasNJXPWbpJskdWAXhWlKH1CSiGVAFkIywYCqj6NS6QYPEQj6VeSmTMMWPvCW8VNLsMfMbbxeYWaeK8ag4ixINLT3BO9hdLb/ViV0VP2Te/wD3LyE9oBbWbdivLg05T//Z', 'doggo', 1, 'admin', 1);
INSERT INTO `posts` (`Id`, `Image`, `Description`, `Likes`, `CreatorUsername`, `CreatorId`) VALUES
(2, 'data:image/jpeg;base64,/9j/4AAQSkZJRgABAQEAYABgAAD/2wBDAAYEBAUEBAYFBQUGBgYHCQ4JCQgICRINDQoOFRIWFhUSFBQXGiEcFxgfGRQUHScdHyIjJSUlFhwpLCgkKyEkJST/2wBDAQYGBgkICREJCREkGBQYJCQkJCQkJCQkJCQkJCQkJCQkJCQkJCQkJCQkJCQkJCQkJCQkJCQkJCQkJCQkJCQkJCT/wAARCAH0AXcDASIAAhEBAxEB/8QAHQAAAQUBAQEBAAAAAAAAAAAAAgABAwQFBgcICf/EAFEQAAIBAwMCBAMFBQMJBQYEBwECAwAEEQUSITFBBhNRYRQicQcygZGhFSNCUrFiwdEWJDNDorLh8PElNVNykjQ2Y3SCwlRko7NERUZlg9Li/8QAGgEAAwEBAQEAAAAAAAAAAAAAAAECAwQFBv/EAC4RAAICAgICAQMCBQUBAAAAAAABAhEDIRIxBEETIlFhFDIVkcHR8FJxgaGx8f/aAAwDAQACEQMRAD8A9ZZ2yeTQF29aNxhjQYr6Ozw0hb29aW9vWmxT4p2FDb29aXmN6mltpYoFQt7etLe3rTYpYp2FC8xvWl5jetLbTYpAF5jeppt7eppsUsUWA+9vWlvb1psClikA+9vWlvb1oce9KgAt7etNvb1pU1AD729aW9vWlTUAPub1pF29abFLFAhb29aW9vWliligYxdvU05dvWmIpEUALe3rS3t602KWKLAW9vWlvb1pYpEU7FQt7eppb29aW2m20WKh97etLe3rSK5ptuKdjoW9vWn3t6mmxSxRYULe3rXhv2reE9Vu/GMMgu7m6S+V5YF8n93EUBPl8ce2T13c17ntoJIlkUq6gqwwR6j0rHPhWWPFlY58HZ8+fZv4Q/yt1zULrUP3V3FsvYpo1UxyFnIYMuCCDgjHGPSvoUMQMAnA4GfSore0t7VSLe3hhDEswjQKCT1Jx3qXFHj4VijXsMuRzdi3t61S1LTbbUk/fwW8syKRFJLEHMee4Bq7iqupx3EunXMdo6pcNGwRm6A46mtZtVsmNp6POdV0OPQPCl7p2tXUbJNcCZPJOTKoAyWB+bAIx3+lcBaS2klxLBbm4LO5lSQbUEgC45Y4AAGfc5q9d6vqviGaC31u9eG0DCIyum8xAnJxjglgOM9qzpdX0pLYoLaO4hFwFeVoyGiA6BWHXIA54wc49a+Z8ifybhpJHp41xVS7KL3kY01o4pGcK3lpiMDYzA554BznGSe/SnsVYWDMCIhCiq7EqrxMBwOevb3qawmtb91klRDH5+0w9DFGVIDnsTnHJ+tWb0aNZ6A0lvdxX7+YXnt3jZTvCtsfDdUY8MOo+UjvXNjwtq00aOS6Om8OfaLeW95ZTxxxyWtlZmEKAFOXYEsOeWyqgn68d6Vee20sNvcxzXBkljkQlMny/M6cnAPHX8R6Uq7oedkiqs55YIt3R9cMPmNARUrfeNAa99HGAR6UgKMCmxQA22mxRUsUgBxTYo8UjmgVAYpUdLFAAYpsUZFLHvRYUBilij2022ixA49qWPaixTYoAHFLFFiliiwBxSAosUsUWAJFNijxSxRYAYpYNFiligAcUsUYFNiiwAx7UsUeKWKdgBSwKLFKgAcD0pY9qLApYoEDSxR4psUwBx7UsUWKfFAAYpYosUsYoEBilijxTYxQAOKrahfw6ZaNdXG/y0xnau4jPAq5isrxLoj69pMllFctayE7klUcqf7s5xxUybS0NLezyDVtauLPTr2y061s57e6nMVtPaqGjMmQSY1OcNhsEn2ArziXSdQubn4WysLiS7SQl4AMbSB3z0NfSdh4Jto7XToruCykNqilyIfn8wY5VxjjIHBGMCsjxLpuheFBcavqNvDK887PbIGMQ34J2scksTknOOM9cV5eXwuVSb0jthnS0keCWumas121tFaTXFwI2kkgjUeZERz+JGRwuc5rSklGg2bgRAR3W5WMyEOAQBnHVfpVi41gtqcd5oOky6UPmjSOHMhjc4BIfG7Pt2GcUFze3etX19dM00yEhPNniJVyeSGx34JHfivMy4oNfSdMZu9mXb2T3V8UsGvXbgRuYiC2F5IxyB7Uq6fR7KxutH06eK4nsCbRSpYnMzBtrlenf8hSrnnimnSLUkz6Zf7xoaklRkchgQRUZr69M8kVMaelQA2KVPSosBqWKelSAbFLFPSpWFDYpYpU9FjBpU+KVADUqeliixMbHFNiixSxRYgcUsUWKWKdgDiliipUWAJFLbRUqLADHsKWPYUdI0WKgNppbTR4zTEUrCgcUsUWKWKdgDiliixSxQAOKajxSxTsAMUvwo8UsUrADFLHtR4pYp2IDFLFHt9qbaRSsKBxSx2oiMVm+IdS/ZGjXd4slskkcZMfxDbULdgfX6CiUklY0r0cbrXiq+1y9SPwzFe3MNpIBP5S/JJh+oORwCCOOxzXJ/aB4mPiW7tdPutFkt57WfO2VW+dCMsCOOMc8c9qKfxxr+rRmxttat98w3bLO2ZtoA4UYHXI5A6jP0rO8RQ6+VtNS1G41IJCCtoZkWMsBgtkE5z7nt+VeN5OaXxuSb/kduLGnKqJrvUrW4HxrrJbC2QrDBbZhiLFceUO/PX161x+v6ZPHHCunJKFu5GlaCPcvkkAZU9j7Z/DrVuTU97zyyZaByWkIkwAR97bkfKSMc81oaUkN5aSG6vI7WBmMrTEvv74KjB3k8DtgEV5iy5JPbOpxSOd0a9ubS1gijieIo0ib2JwcncV+oz2pVb8SX8LFDB5bCIBWlVsiUjgHB4zggZwM4pVzZLcm0xpo+xdQsxJISKxpovLIHPvXRXDDe1Zt5CHBYDmvp8GZrTOfLiTVozNvGabFShCWxTMmMmuxSORxI8UqLFKmSDSp8GmIpWAqVLHtSxRYUKlSxSxQgFTU/WlTAalT4pAUCGpUVLFIAeafFPSxQAP5U4p8CliiwGIpsGsbXfG3h3w2dmqatbwS/8AgqS8n/pXJ/OuWuPtv8PjIstP1i9x3EAjB/8AUc/pUvJFdspQb6R6FSrzA/bTcTZ+G8L3IA/8WcA/oKqJ9u138QsT+FJTu6FLn/EVHz4/uV8M/set0sV5gv29aTBIUv8Aw/rVuV+80apKB+oNdBov2t+DNclSCDWo7a4fG2G9QwMfYbuD+dUssH0yXjku0deQKaiGCARyDyD60+0VZmDSxT4FLFMBsUsUVKgAcYpU+KWPegAaVR3kzWtpNOsTytGjMEQZLEDoKxNG8YWmo2UdxOVg3ZXfnCsw64B5H49azlkjF8WUotqzoM02a4FfGmpyalqFpakXUwbyrfaq+WDnAIGec85z6UVj9qUEtiZJ7UpMkmxizBVAz97Ayfbjv6VhHzMUn2aSwTR3lZ2s6LZausbXol2wB8eW5Xhlw3TrxkfjXIXH2rIupQwQ2BEJX995jfMrdWxjggDBp/FviRZZ0FpcyvbMmySJkZFbjkg8FuG6D1Bofl4pRbTsI4pJqzmNIvbLS55oLN2MF7E0auOZkVSQiIeOc87jj3zio9Q1jTtTltxrFjfJaWtt8OXtfliRCwzls9u+Op9q62Hwx4eTXTeaiLa3iubJXhsGkOY+7yN6nBGDnjniub8a6HL4X0iGG4uZZrMzOLVVJ8uFeDl8jDPzkE9MEnNcU1kjBuXR0JxcqRzl9fWMt2TZxvHbYIMchHEY478Z46YHqa5/UNSW8SaziGwI4dETncOnBHU/hzzjvmjqrxiZ98s6KZDuzjkN/U98+9Vrm8jgCCFmWNePlY/MR0PX1yQPc14eS5NtnVdKipfWZF2IJJiyKu6QR5JVumMnjI70qguNSWIEedlm+faRkHPoKVax51pCR92zSfMagZ88UncFzmon4IxXtIAJrcg7l6GoDGehq6svyYNA+30raOVmcsaZTaLbQ7RUsgyKh21045No5cseL0IqPWm2470qVaGIse9MRT0qBjYpsUVKgQOMUsUVLFOxA80qfFPiiwBpc0+KWPpSAbvT0sU4oAWKgvo5ZbK4SCQRStE6pIRnYxU4P4VYpiAwKkAg8EHvQ+hp07PnW6bSrORwP30u7LOPmZj3JPrVZNSRThLVj7k4rs/Gv2YSaUX1HRkeay5Z4OrwepH8y/qP1rkba0VxmvGnCUXTPWhJONokj1WVQ221T5u5Y1RRDHKsnlAlTu6+9bC2iKvIp2tlC5wDU8WO0YuoSmZpJDCAXABAPTFUilpdSRi4iUoAFYOuQa3Z4RgjaK0vCf2fXniqcSnNrpqt+8uMZL+qoO59+g/SnHHJukJzSVs9N+zO3aDwfaL57TRl3MWTnYmeFz6DB/OuqxVXStLtNG0+DT7GPy7eBdqKTk+pJPckkmreK9mCaikzyZO22NikBT0sVVkjUqfpSoAakaVY/iHxNZ+HVhFwskks5IjjTgsR7ngckCplNRVyGk26Ra1nVINH06a8nkCLGvGe56D9a8d1jxPZ6vocNrpum29iQd7zIgkk3FieM42gnJ657e1SeMfEDX+s3ltPduYGKorkEJEvuBkH5hxxk47ZrJLpAzytezKqEqohh3EZ6OEPXPTnp17V4nleXLJLjDro78OFRVvsyoP2j8ctzaSySTRqJJMwsqZ6q2exH/QU8r3Qs5BdxCKVoSyvt3eb6Y+g+ufrWgH1EImmG5/zQy4SNYiDcueRuI+8MehxyPbDanFpk8Tq+tXFrciCZJVeUQhcEYVOdrqQOAB/CB1rhjhUunr+v4N3L7leLRbi+u7dLVZZ3VjLNG6Fn28feC9jwcD0Oa9k8GeFBpmkj9qW8M15M4lcON4j4wAAcgHHpXE+EPDWs6rfLeWd3BpsNoYYXMD5aVSgYyBhnezA53N1yR2r18DHHOPevY8LxYwblv8A5OLPmbpI838ZaU8fi+DVNSvYLfSY1UqkjBWlKj5kQjJ9CScAc14/q+t6hqapdzpeGxiYiNNxPkgseTxye2fwr6O8V+G/8p7OK1a4WJI2MgBQnLgfKcg9Aeo75rz7X7BPA9lcQ319b3zXqLDFbyrsBiDbtxIxhg2doGOnUml5WF7fSKwzTSvs8m1y2lbRbNpbiF433yQBXA2rnGCB3z/T61z73SLafDtE8pGdpVzwx6HHpjt7da2NfvFkJEEYSQLg7AFwAOuB0OO55rF0u2urgqlvaPcc7NsYBZ2PbHfvXkq220dK/JVcw3GwkEuwyWU4/DmlWlqGmXKxwXQszZwPEGjLTq7OpJ5OOh9iBSq260y1vo+3Gf5jT7x3qJzhjQivbeLRzRyk4fFCzVGDinLCpWNlvIhjyKA05amrphGkcuSdvQOKWKsW9nLcsAiNj1xxWnF4eDL88hz7Up5oR02KGGU+kYeKXWuii8PRxsDIWcfpUk2hQPGQF2HsR2rL9VCzT9LOjmcUsVavLGSzk2tyOzVWxXRGSkrRzyi4umDT0sUsUCGp6WKWKYCpUsUqQCxSxT4p8HtTAbFNitLT9MN2Cz7lHbFWj4cO0kSnOe44xWMs8IurNY4JtWjEx6Vwvi37PFunfUdEjSK5+9JbDhZfdfRvbofavXG0eAQsNgDAcEdawZImiYq6kH3qeUMyotwnhdnzJrfiyw0eaWxuneK6jO14yhyh9CO1Z1h4/wBPYiGWbJY4UhCP6ivaPtV+zLQfFtm2r3UcsF/bKoM9uQpmTcBtfjnAPB6isj7Lfsc8OW/ibVr1YJbqXS5IVtUumDqhZSxfGOWGOM9PrzXJLHKM+LOqORSjyRP4T+zyXVBHf61G8NqfmS2PyvN7t3VfbqfavTYoY4IkihjSONAFVEGAo7ACrHw8u8qVO7PP1oCpU4IIPvXdjhGK0cOSUpPYOKVPSrQyBp6fFLFFgNSxSxT4osATWB4t0W01S3guL6/a0trNmkkG1SJFOMqSeR0HSuhxUdxbx3ULQyxxyI4wVkQMp9Mg8HnFTOPKNFRdOz581e2trHUJHKwXcU0ZJeJ2RDIwypG884yDu7liDVvTI/D2sXzCRrl7i6nzJJM5iSNFQjcXHXk4IC+nqag8aaO8ELWKXFlJIZpZp7xk/ePluoAztAwV24z69q5vSbmX4iKNpJZsPwZG2hgoBb5+gIWvB5cMlJWj0auNtnournQ9GsodA0DTV1vU45xGZL0PIkbEjc5B+UJuIHOBn1PNb1x4esLTWtM0DTYrC3uobf4mWSS3WTc+8HLAjnJ3EH8K46bxj4z1e7s57LTmtY4lcRwW27M+w8eYGPUYxyexrZ8M+NDbS3+uapaXPx0wQi2jOfiASArL6d/l6D8a9CGSEtV/Q5XGSVnR6poDeFEfWfD6+RfeVuu40hxZ3+3nEiL/AKJzk7ZFHB+9kGup0XV7XX9Is9VsX3213EssZ7jPY47g5B9xXEXX2tW9hHbtcRE3sbOk9jbkFgei5Zsbe5z07U0OmeKtPu7rxB4b0+zs7KZjPLojTbvjBgEsmBsilPPIOG4yM8nrjkSdLoycXLvs9FxXD+MNM8M6TPqGvX6fEXz2+UgYCQK3ID7cYAyR97jjjmta98Z2LeDJPEunSLLG0JaFJCFbzOmxgejA5yvXg15Jq/ik+IdfsdV1giCxjkwBbBPNK45Cnq2CO+eD71l5OeCqL2/82VihL93oyHiitZW1eTR3Z5VOXvW3qJcjfsLDrg43cgdetc9fXMKTFDEkSW0r7Qh4ZGyD06D0Gf616F4h8QWU+n6jcaROYNMCYFrMAMTcFVVSTjucDoK8gvtRN5qDtwd2WJAxg9+Ogrx/Ie6gdkOg9c1E6iypGMKWLY39OABk454FKsa6mYS8YCjjdjBpVMYUjXZ+gtzo5yWTjviqfwBDKG6E8kVorqZ3sshytWoHgmVcjnvXqrLOK2ZfFFmc+lIyEoTn1rNmgeF9jLzXYrbrjgcVBPYQlt5UFvWlDyWnseTApLRyaxljtCkmrX7Nljdd6HB64rfSBVPCgGpkjzxTl5TfRMfFS7At0SONQBjA6VaQr2qJsKKFOW4OK5W7OlIsN8o6U6YbtQ7icA9adGwx4zUjK19ZJcxlWHXvXNX2myWjEgEp612BIYe9VLuFZo2Q9xitsWZwf4MsuJTRxuKVW5dPmSTaQDzjIq0mjnyyWYlj6dq9B5oJXZwLBNuqMrFLBxnFW5bPyZlVidp71djto/J24BzSlmSVoI4G9Mx6kht3nbCDNHJblJdgyR9K2LG3SMhlGM0smZRVoeLC5OmR2mmRoB5keWHU1ehsot+7y1z24q0FGKcMoOCa8+WRs71jSEq7eiijJO3oKGSdYxxzUb3QwMCoLJQmR0oZdPjuU2yICKr/ABEpbhsD0qzBd7c+ZuIp7QaZzHjrSIIfCmqSogDLED/tLXPfZXEDrnirjkSWp/ONv8K7Hx7Ir+DNVx/4Gf8AaFcj9lsgj8T+KYz0K2jfo4o5N9k8Uuj0BrSMsW2DPrVO40+Njnb0rVyGHBFV5lJzinGcl7G4p9nIyrskdfQkUArSvdNaPdJuLEnPSs/FerjmpLR5WSDi9jUqVPVmYwFPSxSoAaorvyfhZviG2Q7D5jFtoC455HTjvUrEKpZiFAGSScACvI9d8aalfapfXunahDBpkBSILMThkOPm2DOT1/PsawzZljW92aQxuXRLf/ZDp3iC9F9p3iadLYxb2GQ8hLdCW7A46kZ47153D4ctor3/ACfeye5vVkIdmncxQsCTvbb/AGc8Drn3xXRaJqst9bapbi/FjYu6I1xHG+XRWJ+V8DBIHCnA/U0Ut7b6JDO9g040WSZBG9xEGmlKjpleRySBgZ+Y158owdOKo6lKXTJLOG9stGtdTl8Ux3er4kCrMBKkS84RmzuXdjgDLZPbmudjvLzxBfPbwaHb/tCXIme2gz1IJO0MBwVHp37V6p4D0PRNds7m9msJZNjmCGK6QjyYwOoz/ExLEt1H3R056C3+z3wvaTPPBo9uspZXBJb5WHcc5BJ6nvW8vHlNLejNZIxbvs8tl8DaxFNbyL4Wt1QQOJf2ncwR7pSvMpAYnAxuC9BzQ3fizxSmnR6RbajpYlldYFtrRmklgTBA52gbWzgDJPQCtjxb4a8a6tq92vkXN5aIxVNrLGkyZGCMt29D1xniu88G+FrPQNJiUaetvduFabc4kO4dDn9fY0oQlKTjG1+RyaSTdM+aNTurm5ie2CSwu0wea0VjgS4wrhemSBg4Haq9pfxyodPvLj4a1372uEgDshAx7Ej2Br6N+0uw8Itp0F14mjeErJtguraP/OEJ5IVgOM9Tn0rwnVvD+garr6RaFqN5ZaW8TyfGarhw8q7iFGMZBxjBycnnriuHP4zhO27LjOMlo5W68z96sFwbqMsfLbaVZlycOQfu59/61QdGt1cIwkZyNzgHd9MfXNbmoeIYZosRaPY2bvCsMvlqSCyjl1z90k8+2fTGOddZvLknWIeVGQPnIzn6fSskkm0jeJG4LEu4bA74pULCeSIq1ssmeRntSqiz72dW3HBqWCR0YZJGKdshyPSpo4weTXo8iUjZs7lhCCzDPvU7Tqy5rKQhVA9KJZD0zxWDRoXDcqOgzTxXAcjjmqbSALingbbzmlQGiWU0w+97VB5gpzNt96mgssFmJwOMVG5ZTuzimWdT3GagvbjAwpp0ATzhTnzAT6CojcM3zAk/SqhYBRkZNS274HtV1QrJ1JYfMvUZzTncOhp1mBHakZEPXFTbGVZk83BYA4oYYipOOlW2CNyBSwAtVzdUKiIRITkgA+tTJjtgVGzYHFRrLg0tsKJnuHTvkCovjD5gYHjuKTsCQemetVpVDP8ALQq9gzRLJINwYUD4GDnNVoF2jrzUjnIoBEgYZqSOReQaqoxFPnHeihmf44I/yS1UA/6jP+0K5j7NyF8Z+JU/mtbRv9pxXQeMmJ8K6rz/APw5/qK5XwHL5fj3Wx/Pp1u35SH/ABpUJnpxO1hirBUbc9aofEAnj8qnS5yvT8qVMdjTJuByKy7uxjkUui4f0FajyA1XkGORVwm4vRE4KXZgzQNERuGMiosVsXECyjH5e1VJ7cRR+9d8M6en2cWTx62uililijxTEV0HNQJAIIIyD1BFcnr3hHwrY2F9qE9jBaFoZFaeNAWUN12qflz6cV12Kr3+n2mqW5t722huYiQ3lyrlcjoazyQUltFRbTPFrfxaNL8yy8NWDQ6fc2/kRG7BJLn5d4HTJwW288nml4Q8G3ut63eQ3E/7OexnEksShWMcnHGNxOccZ7dO1dzpHhmXXNYfXdd0p7eONmNvYzOrbCrfK20AdhkZPJPSj+z/AMO6hpF1qlzfWc1m93cmb95OkxlUk4UkcgjOTg4ya4oYHKSc+jeU0k+J2KoqDaihVznAFEeKelXoUc1A49qGRXaNliKrIRhSwyAe2aM0xHBxjPvQFHzX9oXjfWNQ1DUdJupd1u0wZYVjxwhOwg9ffj171j+LPFmm6hoGhafbLcQNYRstwhRFTc3JZMc/nngCtP7ZNAv9P8R/E61eQ3E9/H5vmQhlUgHbjB6dMAAk4xnk1zmnaFe+IYBHa2AhtdNiluLi+MDfNgBsOSecYAGORmvn5KTnKLfZ3xiqTOalljmY/I2AfvA5A+lVnuBGRhcDB4HU56g+1aNyk1tbLFDDEWcGRm3Z3A8gjt61mXt0FxGYmXGMnGCR1/5+lQkk6RsgWvB5RBjAYngHt60qC3vUWZJHiHyDAXGd31pVTj+CqP0JaAB2p1UiozcgseaXngnrXZbGiU5xTKaiacDvULXQHehIGy2zDFRGVl4FVGvPeo2vR606JcjTW5YAc0a3Ge+ayPjfekL4Z60cA5G2suaBpO2M1mLfjuaP45euanix2i970W8AVRF6vrTG6B706YWi8JBSMoqh5/vTfEe9HEORqC4G0CkZxWYLgUQnFLiFl5pagaXniovOzUTy470JA2WxJjqalWRayzcY70PxWD1puIuRs+cuO1AZh0rJ+MOKH4o0uIcjV380QmwOaylu/ei+Lz3p8Q5Efi6Xd4X1QD/8O391cj4RfZ9oF8M436TGfykH+Nb/AImuN/h3Ulz1t2rl/D8vlfaAx/n0n+jrSraBs9H3MxxnvVyOXZxmshbkij+LJoaBM1XnBpCYEYrL+JJ70ST80cQs0VXdn2qKWMOuDTRTfL1oXYt0PNNOgaKUsBQmoauynI5qqR83FdmLK3pnHmwpbQGKkjgkl+6pNTWqIxO6tODYmAMACnkz8ehY8HLbM59NkVVCjJPb0qCS1liYKyHJrpV2AcihdISeRzWC8qS7N5eLF9GGmlzMm7Iz6VXe1mQ8xt+VdG4C8LQgjdtJG7GcZ5oXkyB+NE56S1mjUFkOKGGBpX2gGum+U4DLnFQvBHvJVcZ7in+qftE/pV3Z4h9uWnXOvC10axNqyWxWa5LQnfbOfuEy9EDDP5e4rwvVvEWtyW1rZG+mlSzjeCPdITiIjayjgcHkepzX1/490+afwdrMdgkEl3LbFEM7Kq4yM5J4JAHAPfFfGWvRTWGqhSUmMSrKTE5IGRnr3PIzjI+orzM7l8nfZvxSRlzzzSziJE2KQMqowR+fSqeqRy8KfuvySwGSR6GrCai8UjKV2ISOSucDPU/8PShurmI8xlpn6fMpwB9PXpWcU4taBGOxbOMcg9x0pVZZBE2XDZ/Mn60q6C7Putr1gx60vjm96J4k3GkFj9BXoaME2RtdyH1oPiHNTtsHFR4X2ppIGR+axpbm71JsFIgdKNCZCztVDULy9t5bM20AlheYJcHBJRCOGGPfFabIKxPEMNufgmmlnRmnEKLGcLIXGNrnsvQ/hSl0I1RKfWqMevRm5eOUCFPPFrC7nmaXncoA9MdaUkpvdHE9kwYSLtDvIY8jO0srY656Hofxqjo8F9PHpfmqbae3z8TFId5ZDkZDYwWyBnHI5HeplLaSBHQrMak85sHaecHH5Vnagj3J+BstQW0vRtkJ2Bz5ecE4PB9PY4rVigOVBOe31obQ9mP4M1e71nwppeoXkge5uIN8jKoUFtxHQdOlbW8+tc99mSB/AekdPlSRfylcV0jRY4xStFbIzJS87Hek0DHoKY20lPQtki3OKBpi1AbeQUHlSUqQWyTf70xYUAikJxRGBweaeg2MXpbs0XkZ70BjI45paAMMO9PuFRBSKILRQFPxAwOg6gP/AIDVzektt8fW39rSnH5FK6PXh/2Hf5//AA7/ANK5jTiF8daX/a02UfolQ+0Uumd5vFOHFR/KaW0HvToVlgSKKMTKKqbD2NIow70UFsvrcADrS+J5zmqAB70RA9aOIcmWmuM0AmG4VX3AUt9UkJs0IHG7PODVhnzgZOKy4pCrAirTS5UAGlLZUejQt76QSBXPy097qUFjFJc3MqxQxrud2OAorNV+5NeZ+NrXxzefEM1wg06eVl+Ft8OPLCgDcxA4YluD0wSaxyy4q6LVnd6p9qnhrSyEF2biWSEyp5KFkI5xlug5H6isPw7e6z4u8Qaf4iuZvhbCCElVjxtlJ4xg887ct/L0HrXjlxpl/b+G/wDKGd7m3jM/kW8bhB5ke0EOpOMqMYyB6HkCtDwsL6bREuY9fe3SO7YTWccbfPEAu4hj1OOSDxjP0rmjkbl9SBt0fTMF8j9Tmo7i/wDKbAxg964/wtp66do0KQ3k10rjzDLJKJM59COMAAdKs22qWmoXU9tbXSXDwKrSeWwZVznHP4V2KK7YuTo4D7XPG+o3Opv4etJoorRwsE8U1sXSQkbuT39uQMj8a+edYxNfsYIMKM/LESFwOCee3r25xXsP2y+B9S/aF1rlnGo06RUa4/eZZpDxlVPJPGfx/Lya/a90ya5sbe/mm09kxmZdgZWwxBX1yM4z1Ga4MrfL6tAznDNJZXLvBIVlIKllHGGGCPpgn86piQDhg3XGQOat3IaNyNreYeQwPUetRqxZyy/u3XoO3uc1aeikDGihgskjAAZ+XGfzNKlNcE5D5355OQRj0x60qKA+5XJ3Gh+b0qSQ5Y4qMlj1r1kjlsbn1NMNxPWnHWjCmqoVghWNOEJ65qVFowgoolyZWKkVyP2l31xb+HJhZtAHjkRpnkDExL1BUAYyemTgDPriutvbmOzMRf8A1jhByOODz79Og5rk9au7K9tJLCx1C2lu72TYRLx5lvu+Zd38oycHIyeKwz/taRUX9zzf9leJ4tO05/2skcF+48iB7l8sQccrtwOnvXZaVonj57oeZ4tsG8uQrLFvMu3nnKgLz+I69abQrrRrNbTR21JpdOJeaJpTty+4bRuwDkH+XoQc9a1tBtFeK/1RdPu4dRfesN3PGuZTIx2sqjrwQc9wBjFc+CLjSs0lJEMVr4rhsZbgeJ7SZYVmV5JrA71UE5wfMzkYwO3HetbSpfElzEkcWvaQ8kapuEmmybxlQQWHm9TkVW8+JLqbQpJrNBKPJnaJC7hyOWkP8IPYevoKpeGtc01tTSz09xZwCUIwkBaWVw4Cru5Cgruwvbkdq0TSaVk8jQ+yW5lPgSwE5+dJbhenpM//ABrsRcA1xf2ZwPJ4MjCOEcXV4ikjIBE79q0/DmpPqUDpKGEsWeWfLMM8kjAIwePyrTj0h/IdH54NOJgPSqMeyX/RzI5wDgMCcHpReW/Y0fGCylwyg0O5Se1VNjjqafY3rS4D+QtZUUi6kVX2Njk04j96FAPkJgVpjtNRGI9jTCJyeKHCgWRMlCrTELTi1kI60/wxHU4qdFb+xm6+oOiX/T/2d/6VyVoceN9DP81hMP8AYWuu1+Pbol/yf/Z3/pXH2xx4z8ON62sw/wD0hSfaGumd3+FPz6VKpAGAKIYqrJoiVGNEVYY71KCKfjvSsqiAqaW31qd9uOtMuDTsKAMYI4FRshHY1diGegFGAByVBFLmHEzPMKdqcXBq5LDHI27gVnLd2Umqvpkcu65jj8x0wflX6/jRyXsXFosC6xVfUru1XTrpryJZrYRkyxldwZe4I71LJbYPFRm2YqQVyDwR7U6TQbPJfHUcGt3smpWLy/DJBG0YuJW8sxOfvRqPur169Mehqx9npg8O63Da3NxBMs6NnbasSrscbN5AGehJxyp7VcXX/Bvh6/ukgs40khiZEZ1YmQnO5RngLjHPfoBXK6trlz4mkRJ0XSDa27TRfDAbZpFwiruYgg4O31xwAelcNxUk72XbPeLdbHS7MRQJDb20SEhFGEVevT0rya18QaDo3ixtV02C/ezSIFYI3GwtISCQOmMDgZ6D2rjrrxtfSaPb6ZbX7x2UWVjZQUeQY+UNzknk8dqqWIivdCvr651MJexMI44Gkw03o2euBhhj2/AqedN1H0HrZ1vj3xoviiRoYdYOlaelurGFgzNcOWz0XoVx1Pr9DXjEyzvcSJIpkZ2LAyZHz9yT3/41svIskkd5HbtDGQVI3Y+bPUZP6VWubyCeLEs7suApQg5JHfd2UD61zOcpOx0Yt46s5keNImPDLGMAH0AyeOlZd5MCiiLAccYHf61r30q2ySCyUhZVCsrncxwc+nHNZs2mzCEXLxJEpPJLf3VtBoEQR3SRwyI8UbNIysWZcsMZ4HoKVQqVZjHImSejZ5FKthn3q8Q3HiozF6CrTj5jUe2vVRwJkAhwcmi8r2qQ5HShAJ60wFsGKdVwaIHFUNV1q00dYGuzKPPlEMYjjZyWP06D3pNpdiMLxFrRuFtLRbd4jNetCXdSWXYCRKqqQxUMAPfkVzNz4l086rHa2+ovGlwgif4cCdZC3BUYOVy3II+6evetvxb5dyE1X9mTQ3Fmw8q5kgLSr97KiPuMqD144PHfjNU1A2+hI+m6FeW/xlzFPdSwgDzcDexyOV6jjsPpiuHNJpts0ijPhu5tC1RbP4xdRt9KlLGKPc0bAZDsAVKoSDjIxjH410V14sn1aDRrfS79I7yHazRPhi7Ou0cpwCBnvxjnmsAvHqUE1hD4iiOlS2sskYuLbbcAnOyPOeQxHDdvxq94I8MWlv4jvhCiSfDgxWS3URKmYKN5LA9QQ3bv3xiufHy/aumatI6/w9rU9rpWp3HiGa3t7q0kaJ1aQSKMLlRx94Zzx1PNZngW3hjaDU57S3mGsXJSV4Xz5JYH5cdgTx83IzxXMak2reILS4gupZpryC5khSKGDZ85IZ+mQ2FXOeCcitXR9EuPCUED3eoXNrHFL8TCrXaj4g4GQiYwSAcZIHPbvVqTlJOtL2JUin4c8R6vouhXEFtJJb6ZHdzb7lYQwtk89t7DPU/MvHt+NUbvx3Pf3cyeaYWEO2GdNyukiEEO2OpPOe3IPasCa6udR0m4tbS8Zs308nwZY75NzMVbbgDgYHJJzxxUel2Si2uLv5vLSPAjgcxSZ3YKYYYbPzHAySFrCWTJJ0nodI9I+yLUr/UGuL29uI2VovLAkY72IbqAR0Hc5PWvTRN6Y44r590zXLeysZrW1sZg13ERJECSLctwQnocbfrk9K9S+zYXUuhhnnjuIDjbNk73k/jyO2OB74zXd4+TSgZyS7OuD56mjDjHWgEJz1pGMr3roaBSSD8yhMhzxQ4YdqHcQeamiuSZIJMn3qxBIAfmFU94p95HQ0NWNUjS85ajeQseCKo+Y/rTiZh3qODL+REev/8Acd//APLv/SuJhOPFnhcnvHIv/wClXXa1KW0e+B/8B/8AdNccz7fEfhR/cj84jUSTTQ07To9D6d6cE1B5nFLzsVfEnkixk05Oe9VvOp/NzRxHyLH40S4HU5qr5vvRLLSoLLyShRxSabjrVTzB61V1O/FhYXF2UZxDGXwoyeKlqlZSY2t+ILbQbM3d2W8sHaNgySfYV5yviiU6qj2+p3F/fHG7y7fYTHuyY1yTuI+U4AxkDNYvjTxpbeL5NPsLeJ4XDHzFZiMjjcAR64xmue0gRwXsNzsEgjnysnmBGUZOxkZRkYOPlOT+Ga4sub6tdFro9tsfHkE11cxX1jc2TIR5SSRnfLnPAHrjHtXI+JvtPvSJ7SLyrbzVaJEUF3zkZIZevccdea5vT/EcGs6zMmpCa4nMw330AYGABCAQBgZHGc5AyOK47W9SeKR9t+HieZmgaEbG28gBx27454yanJnk1pgkgDrkl3PKHe1kYMUCy7iyf2u4x6jtg1cXVL+J5I7No5LmRd484A53cfuwfq2OfcGuatGgh1CDF4TJIxaSPaZMDGORg9ieT1Gc44qzcS3lza3MkdvLm1D+ZMsm/IyPuheB1HHT0zWHGmMttZefBhonVdwUMgEZChcYVT0Ixz1+pxzDp9xHlWsXi2xxbpdg3FFBxlmI4B44GRUFleWsuli6lima6ZljQ2+CC3cHJ4wAwwMev1j02y09bq5jubp7ScSMY4gCsTxHkru6ghtw5BxxTji+4ie4Se4tzJMyRJuG4E5fdgkHnORwenrWbcRNLcGWJfJaUspYbipz9e3H6n0ruF8NT3uj6h4hWz0iG1t9rweXIx3YGDGecFtu3g9ee+a5XT9Kk1W6aOAPA5TeiRLy652uijoGOTj8K0UeLoVmzpOiaF4ZWZ/EUdpqHxtl59sELh45eduWGAF9uckdsVwN/JLNuw/yA+oFaOryGx1XyJY5I1tn2bZANyqD0YdM+vvWfq88Tyq8O0xKm3aMDp3+tCfJrQkZYWSMhlB356ilTy3ICqwOWGRgelKttln368Em5vlNR+U/8tabujMcVHlT6V3LMzFYV9zNKkdRTYq9KqEHIFUm4YrWkclmc8XHoB2SNS8jKiKMlmOAB7msLXtbtrOfTbSfUn0ue6ucqNgbzUQ8gnoobjk1p6y0n7NnSC2+KlcbFj2hhkkAEg8EDqR7Vw99r3wWn3Fl4sjiNxZFZbUxfNuXGzzc5ILBjkhuhIHvUZcqWiFBjePfFN9Apl8PXkxaNVE48oeRDGcnzjuGWHG3I4GPWsDUtUsPEOoW1xblbTYzR3imUxTfEMgGY8Kdx27sHAztOegrX8Gafbazd/Fa1EV1CSKJ7SQztvlhAKhdjY3DjJPO459K5LxRZ2ujarcaLOkkiW376ESReazIcsVUj5tvI5Y5ATA6DPLkm65PplxialpZWthBruk2V1BMLmKML5WC7/OqqScYQ4OWA6EFhWnY+HIfs9lvvM1m7d7hVaMCVYkYmQ7dzNwCAOSf5iK4U30Eegi7sJYzqkE6xM0LHEis4IYKAMISF+9zkHpium1PUtTvdIvBrMQSRbeKaVzKoa8mydgQkbTsUcoPQ8nnMQnCr9obizNvf2vpWl/H2Vj8Jp8MYihkuG/ezPLnLKqkgu3XB6DPsK6XxFrt7c+HrlbqCJYbZYmW93HbPJ1RUOByp69ie9PqHiHTvh7TS4dJZ7dtklwliyTNHI3I3oB8pLAHAxznpiuS1/UfFs/wukajBPFazyGO3t3ZRLKTx8o7gEAjgD0qcmVQtJ2HC/Rzvh+7uRPHNf3MtvppupHE0cKsyup+ZmDDBxnODn0xzmpZ7/RI9ZD+XINOs1Z4UDPF5jj5u4yhb8cdM4q34d0yTWvDOuaMLiGORLxWk8+IKAI9xx5rMFXc2V6Z5PXIqvrXh42F5IuqubGVbX4qSCVjOXl6IpJY7gQRyOSDnGKybaimh8bOw0+7tta8RJpkmlNcRxWjme9O3fO21WG9k+RQowATycc9a9K8HSGfSjL8Za3EbuTEluiqIU6BCQTk4GSc55715Dpy+I9X0yC3tbm6dfIgmvXgi2bSFPlkg8NgBdzA4YEcHmvTPA2k3nh7wvci8MO+RjMktsCC+VHOzACnIwAOvXrXdhlszlFnX0zLkdKpeHWu5dDsnvkuEujEPNW4wZN2T1xx+VXJ5ktwhc4DusY+p6V1J2rJpgSssUTyOSEQFmIBOAPYUhCHAI5BGaOV449qSH/SnYB65/4ZrItrTz7SC3u7zdBEilRuKtIEG3JPB+9g+hwvFJyCmaYgUdqfyR/LUkMi3ESTKrhXG4Bxg49xUm2nYUyHyhjpQmHNWNtIrRYUzI1mHGj3xJ/1Dn/ZNcXLj9teEj6yqPzQ132tL/2Pf/8Ay8n+6a4Cc41Hwi3/AOZiH5g1lk7RtD9rPRPKBA4oGjC9hmrO3pQtFu61rZjsrCOgKbetWxCB0peSO4oGrKew54p+RVswgjgUJtznrSpDtlfJ9KqalJbiwuluyPI8pvMB/lxzwak12z83SrkG6a1ULuaVW2lFHJ57cd68U8X+IL6S4vI1u5WtwggCtgqItwIJB55xk9z/AE5fIzLGto1hFyMa/e1fUXQxw3BRFigyShb5m+ZiSMFQOR0/rUUN1cQu8ImhlnvItk0WBIgTv83LBjjovt1qhbpNqurJbLqMSukiKt7KwxEnAyR19eM8/pRwavP4Z1NWdTKrTMpZpVUTAqVypxwcEgnggN615uOHJ8no3brRuQxa1b6fZ+I7KO4s7d4nkgaKbc6MrfMzcAc9geeCTnvyl4Li+hmaG6mYTBncYjGVPL5OMjBPX0PFdZ4g+2LUJo4bPTNNtoY4kZdkqK/m46Hb0UAA8de9cho+oSQmfzLa0jGwEzBmkaMupAyADkHn8cD2rXJGK/YyYt+ypY3EEOLaGxaZkV9x+ZQVA524HJzzkjjBzXY6ZdWln4cOoQ6e0WpTEuJZchERsqzIDwSfmHPTAI71laXNZWFy9zf22pahA7QC0uoY5VW1jDfMx2dMruwOuRV7XtV1HxZ4onu/D1lqer6c8xaIJaOsMgC4X7+ADtwDjHQ460Rha5DfZzTJNrOtavfWNhG0MTxTeTGNmAVC5VB2yAScYyPetnRNF0e4SebVZZpTNEwtvhlZntHGMSF+gwQQwwc+1C/h3W9FunOsQQafdtGFCK6yFUwSqsASABgErzjg96vWOgeF7m2OoeIJL+6lmGEtY7gRqrlQfMYH73YY+UexpprlQMy38WM2hWOkXTGO0iYyjzeSwz1XHOPQfXGKxLy5mguYS96sG8HYx3ZCkdsezY/TNaUvh+zjvNSv7Sy8mztXKmONmYqoAxgnJIHUtwB+lNp3h258RarBbNcK5nDZlMijygBuyxOAAce1ZydyQUq0c7cGaZgwlWVBngL0Poagn8m3LQwINp6uSGJ75Bxx07V2HiPw9HoimwFrbpdqytmEg702jjIJDZ68c8iuSuXhghuEmtAHZgEZGwIxzkY7545z296qL3QdGS0BcM4UBQe9KrMLxOm3fgDp6ZpVrbCz71NyAzc0wuB61DLYsjHOT+NVJY5Im6Niu9QT6M+TRfe5461XkkzyDVQt3OacSgVajRLnYrxBd2stuZJYhIpUyRNtdfcHsa47x/FY6N4VvtjND8XKuQU80SMSNwIPUNjLc5PXmuzWYZ7Vy32l6Vb6x4ckX4dZL1WHwjkkCKTOdzEcBQFOSeAKyzag2lsXZ5v4uOoSeILwRxRzTWkUSoySERQRMnSNWOQSSOR05rH1661/U2065vJo7wJbkplQJCoO10KEc4IIGBzj2paGbexZbrVbAXMmJJovPBMU5AwoXvkEPg42EqO2arS6ewRbaFpr399FLbTvG0DW7P12gncBkckArgA8V5r+rv2WkVJLay1BF+HneCXzQWL/ACgIVYsp7krtGSB/FntitC51hfFltDZJYWdosH7wTQbv4UCkAE5b5FUepODQ2d5Zaj4qgt4I7TTo4BIqrfANiRkwytIevz7ipPAJzxWjpOgXFqkd1pvkzwvM8kDPFsyVU4c8/LtOB6ncAeMiiONvoCNLrUrFZpbW50+wju0EbWiqFBjYBgxxgZGOvYiqHifxHqHirXIryeFfOihSAGJd7bV6Me+7vnrVuCLULzSrjSbtr1JZYmvYo54cRsNpBIGMqQD97kEUSHStGwulut9c2U8Mr3JLCJnGM5GQdhPGeMcg54qXBtVegsw7bS4m8NS6n8cyLcakbVQwYIAihyc9MksByc4yRnnG0l74k8R6TcWbIL2CMqZZyiM6oFwdkjDIf5QPU7ccUHhjUtL1C3vdKvbe9kuG1Oa+t/hpcQBwyY+Rhg4G45YcLxUvi7xbBY3S6X4fmitrWzmeVLm2Rkd933gxP3m6jspHatXCKreiWS6d4z1XRvCumWdjfwrG6FJbSS28wyEyNvL5B7bcAHo1ddoHi6fXNWsLnUxexy6cjeZBEBFBLF13BSRwo569EAry3Skhl1u3imlN1o8d6SoDCFWU9cKx+Td3/v4r2ubzriG10zSksywIuI0t7zYPhcgYfd/pGbnA6cdfXTDKb23oTWzvLbUYbu0huoy3lzosiFuuGGR/WoNUvIhp8rgs7I6ALGy7i4YYXnjPTiqmsjOntbx2xdZx5DYbaIlYY3HHYccDn6VyF5qMNhpOgpZWzyXEF2wjtpR5XxjoNpO5uclsHk5O3rjr2TnQlE6zXrm4tLezvcvcL56tJDFGQCr52scngL1+brjtXOW6/G32mrqNtbTyO5t43kkMYUMfnwoxuztyOTy3U8Vp3b393vY28byXVuoeFyxUKGf92oIxvKk8nuMelcotlcXejQSwajHcSQ3Do8UzrmVXBHlx7gdhOAB05JPasJzl2XxR635WwFVACrwOOPwpuM1n6K90umxfGSK0pUEhTkpwPlJ7kdM/pWJfaR4puL6W4h8Wx2sBJ8u3jsFKovYEs2WPuf0rdSfsTj9jrOKzNVnlh1HRVSRlSa7kjkUHhx5EhAPrgqD+FUNPsdct4ilz4ka6cnIc2Ea4HpjNRapHfxaloDzagsyDUlDJ8OqZDQyjqCauyKNrWf8Aui+/+Xk/3TXnd22JvCb+l1AP1NehavJ/2TeD1t5P90153qDBIPDEn8t3bn/aNZz9M0gu0epFTyccUulKedhIy7uBnGOlQ+Yc55xV8iOJNSwKj85QKdZU74o5MfFBk9MGh3gZBBB9K4b7Sv2+yxT6Pf3sNpGhW5jtJArA5zuPGSMccHivNQNRd/N/amoh8fe+KOSPr6VPyJdj+NvaPVvtK1y70bwzLPZRyltwDyIufLX1J7ZOBn8O9eF6jeWktvNfMGIaSKMoxyFUZyeCCM9PT6Vratq+qizMUuo6hOn3E8+fzEVsjsRn/rUuoeFvEVj4Xk1V9OeztIXKbHjCTMSABIV/lHJ5/wCNed5L5ztG0I0jnrjT7e7lWaJXt4ZQXBQqjzZxxlcHHHJ6DnpWfr9hL8FG1kIbhbgeQsEUm/y9zYyq9QSeMnseOtW0lvbq3Hxot7iAg/LdKWV9voF/iJ4Hrk1f8K+H77XZHXSLVrW38szvc3MvzNJztUBRkFieB6ZrOCfKkD+5yVjdCOzu7cvFcBJPuxxAGVlxnGfugDHIHTOauW1z8JGs8dwkeolgkVuD8pJznjHODhR2PatKwvIdPa60G8trKO2viFlEsR227gY3DHIZTxlT61kWyyaTqkSpMiNH92YKGdlGTyzcLle3oe1bUnsR7F4F8E6XqaMuqPZyTQxpnSrO4by4lJJzMFIV2yTjjgcHJzWf9sfiGXS2TTdOUWyW8XlPKwDKq7eI0U52jpyMZP0Fcnp/jvWPC2pJPzbMF8oBoCFmiblWK/xbf8OKz/G/iy68R35u5pl8wMgIgi2IyRk7X+b5mOGPUADOOa1lNcajohXexQa/PpugGz822nivvmZ5FP8AmzHHzA9RkAD3wOeKq2LfFavaaXPZfEWhuIluIo5QZbgDoFfOVGTzyM8DjFPc6HeaXoGn3M9st6upRiRYQGMoLZESnA2gdCMnOfwr077OfDezw3Jeac8FxqQTybmC8gUSJICCVLfwZIJ5HYccc5rFJytlckkcTgaPHJbJFPZ38kuxotzMigZ3IMkk55znjHHPBrl73ETyGOQyeY+4SAHaOeAO4HUV7J4+8J3Ftpaai10spHmvfPJtG7zGGSFxzgHbkEE4FeMagJ0dpY0drUcBpAFOehAx2x61llhJOmNU0UoL+WGVJZphIikFo26ZHQbe68e1U725OrTlmiCvj+DgN7n0orw28p3p+7YjLADgfTtjrUIkiVNxchmRQFHUnp07UR0tBQMcYijMe1XcAEY6D1pVBM75LqDkcDtkUqtRbCj7Tk+1Dw8xlZbouseCzIuR93J6+g/XitPR/EWmeILdpbGdJcKrMmfmXIBGR+OPqDXzO5dgjhwGdd2Om5ccHH0/HmvUfseNovxsEEZjkEMbSNuzu5P5f9fXjfDk5ypqiVJnpsip1xRHT96Ajqai2gfxmrUc+1AuTXVbS0JRTeyjNYSw84yPavNvF/im7h1i70SSTT006a2IF05f9zIVbiQqeMkYPYDrXql9q9ppNhPf39wsFtbr5kkjdFUV4Auq6PH4iudU0jSdR1W0uTIjrcTN5TTOxZegz0HAznJ9q58uZqkDxq9Dan4c1DT7SL9s3Au2mtWW3toZV2B1QuzBjn5BkHjrntVt5tS0TTpY7++0+R74t5ltIVXblVzukJ3hSDxtJGcDpnHSeO7TTJ/CSRW9lHDDHavOvmxkFCMcDJD7i+MevfgVWXULNdLtdQsoIZJLlZI3vym8QzKq7YypX/Rlck4zg985NTSVpMVHlVxb2dvqztapDb2t2oU2zXAmaEsMjlT2wOvQ9a2fCuvy6ftM8t1aWdtC4jRHwmdwbnhs+7KB78V0vjWfSZTorG2htyLhgWij+SSIxMQysAAFckEKeec8d+X1PWrHw9PdadBpsVzehTFM86kxbiMOgizgDgjdnODxjtjJODtMrs2k8aX13rDS6wlwLQRNGgiXDYbpG7qBlM4yAByR0FUNL1yw0UQxkWlyZYJEmt5ITukYtuUs+OmR8vcc881j6p4hTVdP0+zt7MWS2m4mYy4ODyyk9cdQB1xgZNZ00sV3Iklst3KkUQBRUGcDGSdvQYPWsZ5Hdx2yKItI1670eO5WzuHtpprjfhSByD0z1PUjrz3zVK/v7iO8Z5ZTcOWJbcuR6Z9OP7qhN9ApkLRxsHY4IHbPY9u1HYXcBJVDtcEIjO4CoxzyeM45/ClTb2VQTmCCeYhJJolfakkEg8vO0H07/hXWeGtTv9Jni1i4u2aRGDEuSxyBgZLZxjp/wrCh0/4h9SbT1eKALG0gduEDYB79CQSMZOAK0bLS9Q1XSzd2CSOlsSHcsERf5QM9eT15xwOppu09A1Z7Dp3jh/EA0+O3e5t7yLEk0EZU+bggMCO6EEnPBGPesjxbqGpWU813cx3Vkj3m213sWjjHAMhwMZOT3x0AHBrivC9zbaBqG6+mnjie1kJWF9ol/stjnGefrjtxWhe/aCkc95aTT3N9ZzR7QUG1nwMxhg2QQrZyQOQc9QK3/UKUfq7JpnTnXtU0/VfhkubS4iASZmhh8rg9C4P8XyYyMdvejltruGB5Lv4E3bh1kHnLKtq7pneysBtbDbODjDjHSvL4tStVsjE7z7VYvFCJTw5UkvnoegHrg8d62fAmt6Tp/iK3ur/cEP3pGLN5YPTA5ztOMnrgHFKGa2kwao9r8L6VJo+kRwy3U00shMrmXGVLc7eCRgdODWuCO7Vh6N4psta+LniaGKxgmaCO4kmUCZlGWKj+UDv7H0pJ4w8Py3s9mNVtllg++WbCH6MeCfpXoRcUuyTeDBR15rK8RSjzNEkBICarACB33B1/vq7a3FvewLPbTJPE+drxtuVsHHB+tc94m1rSpI7COHU7J5Y9Ws9yLcISv73ByM9s0wR0OqS7tMux/wDAf/dNefaudulaE38txAf9uu11qRBpdyVmRswycqwP8Jride/93dJcfwyw/wC/WeQ0h0emPIC5+ppxIuMVEUJcjnrReQwGcGtaRmmxy4Y+lV7y8isLWW5kDMsYztXq3sKm8vP8X6VgalrVsmsvoNwjJ50H+kckKxbAUccgZON3Y0Wl7A4E+Lb5ftCMSyzvbyXSFoWPAjZVGDjpxjjHbnrXUf5FaNf+N7bU4FuJIZbU3K2yyn4d2zgNsx0xzt6Z7V5X4huZbXxJ8WrtHLbLuMzZLeag2jP4jIPTGOwrp9M8TzWcN3qDx7IZNtvGJiSWRkOCQDxzzxjNcayJXyNEndHqj+G7K51eDVDb/wCcQiQDGAhL4DMw7nAwD2Fct9pP2hWEGkHR7J4dS+NDJNl8rjkY785API9DXP2fj3Xl0iwt4lCWNqwtpJg3+lcg5BJ5OMk8DjvXN+NYtO07TtPt9KvbZ5zH/nEyzfu3Y5G4E856/KfQemaieblH6FopKjmbMRpFC00KmSFyu0M3BHzZKDqQeldP5FtHdEadqt1ZiExXsj3gCSXEgXcqkKQvzfyqOK5fSIE8QXaQrdNFDEMygkCRkyASAeXPU4HJOBmvQrzxp4cTSbCGbS7tTp42Ws8DbSzpgYJIGOwO4Zznr3zx4/b0EnujnrPR4be503XfEsck82ouUF07gRgeoC/xYHGe3OK5bxVNbCYXmkRrZxRQeXF8QymS525ZnY5+8QeCAAcYHNb3iXxxbtE+meG9J/Z6Xbb5Hiz5ayNjcvIJwMnATHWuK1vRZ1hja5meWWSRVnyoRI8DCqoPO7AH655q5cV2NFw+elkks8Pm+YuzzHXJQ4GQMnI9O3B4xUEVnc30gNupMyI5YI+AqAcHH49P0rpNR8NxJ4asNc0W9dJZ5Ql3YrbDYGQZVgOcMBwTjDcnnnNC2lsraGcfDJeMzKWk2bZXXHzR8ep9O1ZS+mVNj7Wjs9P8MeM1sNNt49JcW9qYrtReXGweYACCxDbgw5G3BwBjHrJp32hLa+ILvUFkS8iSNImjtY3iiMrA7ppCeMZwAx5I44qv478fjWtNsdK0yxmsREwEksjZGBwqrg8528nnocetcnYRw2RCXF6biC5nCXFtbuQ82W6kdxjPU963eXi6g7MlG1bOs1zx9rXiKBJd1pYrYK8zrHIyuzY6DtxnjkHv2rzDVJZZ4gXm3IhKjnIwMcfWu7HhVJtLfUbOGFI5JXhmDHK7QSeFHJIGOFDcDJOQa5LxFFYWsxNrO1wRGisWjAVm2jJXGOM9MjPryawyttpyHE5knykMzMNg42Z5apDkqHWAOCvG0849alS3ieRN0bSOAB7q3X1q07Yjk2YXbxvJwB6Ck5F2UIcFGkf5SGwC3/PNKgYtIq7iTkcD1pU+IHfftKZ4kf70kaBRk/dJHUn/AJ61r+G9d/YRnjnkllFwVLkSbV8sHO3H1APvj3rnIpI2glSFVXBIK5zn/D6VGSyZjlbAGT93IA7Vlzkn9LCj6I8N/aRp/iTU00+C1uIpmhaUs2CgIP3c/TnNdJqWrW2k2Ut7e3CQ28Qy7t0HoK+atD1mbw7qFrqMPktJCwYbslec8Edsj+70rQ1zxvqviWXytQMjW+9ZPKUARoQOChz3BOeTXdDyPo+rshxfo9Mtvtl0e/ZbW4sLqESsscnmbWRA3UsfQDBxjnNc4uvaVpz3VxpdvqAsTcSPKrRKfKYqV37TyPmIPy9gMnjA85ku4hMzQsAHYkqckj/HHArQsfE2qRxLb/G+TaqMxAncE6nK5BKk5PI9TXO/I5O2g4s6LWorkaHAbq6t76GG0yx89svMSSFDE8svJx1+bnJ6HH4hXU9Lu7WONQ0E4kto44TtZ2zvCMACvb73oScniuY8Q+JF1CyeC2tks4vMaUxw/KpYgA/KB+PbH50Ph67ng8xbfNtG2UedIdzjdheGIIXqOvp604y5PQ60P4x1V7I2VpZ3LnTSGuIBE52hm4c4PO7ORk8nHauXknkkkZt8kpbLMTknJPUnvVzV3uU1Oe1nuEmkhkZGdDuVmz8zBj1zjrVO0WMP5it5gJ4CttwamdIrpGhbQmaPymb5d25scbvqf6fWtnQdUXw5rKahamNpOI1DDJC55APqRx+dc8P3W4+blS3U9aJ7zLAI2ATnrnFc8ZPlaIex9KittS1OWO4tlbfdufMkYj5CDhT3+93HNT2dlJY3NzNaxRyJalgfNQOrKM44PcnpjFZkTtbysYTucsX3HjjJq7b6266cbKGNvOMrSmXzSA2R/EO5HY5wOeM1vysbsvWfmzX9xayQQhriRPMZiCFAAOAewwMZzjBxWpN4hhgmlt9KjmgsnG0QysC0mQRlj04zx/dXOxXJtS2woAw4KtuB6jr3obp2uFd1HmbIyWcnjHbjsc0k2x+zY1PWVn0xbPeGcMG3MMbQBgAH0559cCsN379D1yeearQXLTttJwV4PrUrOYo8BixB+bjGaznF3skaRtsfL9OuPf8ApRQ3ZCNGZAqr27f9aqs7NIAuMEcHPWpWTy48qA4GR/xo4emOjTjl+IVIjM3lY3L83H4LTicHCOhUY2rnsaym1DZsVFALHIx2q3O+NkpjL4GSc5/ShwerJaO08DeP73wtci0ldpNOZt0kRXOO2V9DXouoX2ja74WtNUtbGzjZNQshInkoGiPxCAg4HQg/iDXhAImKPGcOP4cdPaui0TX2sLaWy2Blubi0BdmI8vZOjZx3ziunBncWoSJr7Hs3itrS30ed0tbfz2/dr+6UHcTjj6DJ/CsTxCR/klYuP4XQ/wC3U3ikMlzdrGm5TOzZljYtny2JKHp2wR04zVfxB/7lW7Z+7g/k9dknZpHo9STaDn15o2YMhGetZOn3wu3udkodIzGBt/hygJH61b3GtKM+VB7zGckV539pupGx1bT5re1HxLW74nY8bUdWK468dffpzXoOGbAx1rxP7RdftdR11orSeaWC3jlM6E4KSkiNlGR93av0y2e9RlqvyCbMT7Qju1Gx1MXHnHU7MTzDaFKPypHHpg4odDuJ4/CVy+XK/ExLEd5BAOemPftXP6jMZ7pJLieWaEspPGCCMZCg+3riulsdQivPDuoyvHmKK8g+RR5Yxz09OxrhydtmkClHPfLG5dUhwS8aPkNKxb5uewwOvuao6rcILh2nbJeMqjpGdsZOfvevHGRUtjLMXD20m7CF5FfkLkkDBzyOP61NNdC5gliuJUW4MvwmEVdgbfgkBjnJAP0rFKLjfs1MiTUYBp1vEbaLEEg/fRxhpGUD5eh+UZBPuST61jyi+1iNNOs57mV5pcw2MIzl8ZxjscEknOOPati9vxK97p0Fq0mflQq4GSMKGYjlvlBHB6kmtC00WHTfD1pd7pVu7gFkmDYwmSphTuzdG3EYAxjNaxk+2R0avh6ytdE0JNV1fRPPM8bNDqtjK6PFMpKhN6sCoDYGADnrk9RX8UaRN4Wv7bdFBHbT258qXLSGYgAHO4cMSNxz659K3tN1N7t/N1jSWv7LTrd28qeQtGuPk3kA84DYGMctn0rJ8VagdUtLa30ay22VjDL5aRu7eW7EFny+crtGOenYCqnODiCTNL7PRp2tXdtb67LM2VVkiSZlEMoOMseOueM8nccVf+0f7PtA8PaXDdwxXJkeXl3mC5yuCQcg7uM8DGOvvx3g2BroSXF7JEtrCVmLzGQCWZVwoRl/i/pzUmu32pajc2Buw9wttH5CteMxLleRlB0Occgc4BNKTgo77FuzEkmn0yF4lu/NVnDhLiPzZQQANhboeO/QCodKiSC3nnuBKs5DMpx8pDdML1yOfz4rVZUSE3NzI8xmbzHIYHcy4B6nO7ORVO+kNss0lypYP84SI7sDONvByvYHqPTFc930UY19rE+FtY5JZEiOYwctge2eg69KqP5gvBGyhJlJyM5x7+lXru9juo41GGmbCxxqPmjj6n5ux9vSqNxIBIcWkeIwSJCSGOe59auMRUVmMmcxSSkZIDr90nHTPTp2qlcLOhaMAuASN4BxWreeJtTuIAjz7gIzCpCDKJxkLgYXOPmPVu5qimuzNbLbtDGyIu3Krt+Xnrjrzzz6DpW6jQIpyTPJGkTkKFzgmlWhbvbRTyGfMwxkLFjnpjqD70qtUO/wdZ5yuiyJtXcecLzj1+tQsxdXZN5QDKIBzUC5jco5MgwOB69/+ldHpvgvWNThEscUSxlflLSYOeMZHYfrx0rlw+PPI6xqzGeaGNXN0Y95fS+S4aaRQxTcp537eQB9KzZb1y5G15Q4KkuMDPpjp6flXeL9mOtvjzhaSYIwdxyB+VI/ZLrUpZmktivJCs7YB/LpXoR8DyK+qDMP4j43XNHEC7bKv5hQMMMMcKfXJqzGFwhDMwJyNi5rfX7P7qxlKNNboVxvDSM+045wAOR6frWX+zzFcyxSSBtnTZkDg1zeR42SO5KjaPk45/tZRnKm3kycHHGOeCelbd1bX3hmVTFc3MCzb1kCNkEBsYIHDAn19O3FZlxZGbeiMQducMRgjPFdNqkZndW1C7uoTI/CeXyMEkg479fyNed5OSWHi/z/AEOrClkujloIVbZHcluQSXj6YA6jIq5Z6FDKryeVeSLs3Dav9rBx6DOT6mpLt7Z7lCk801qD93Z8wXjIxxwTWtaMltafFQ3t4YMID5cOZT8/f2wMZzjHFcmbycnFOPs2WNXTMnxBolnpQtGhZ2E3mbjId2dpAHGBjrWDJNlgqIgx6dB/xrq/FrhhZpvkdIhIu6RTgn5c8nqciudTTHviBEURs4Zdo7nrXX40uUYuX2RhLG3OooyreQsZSr9CeCc1OpTzOhyOp9DUtjpUl080a7YliYq7noevPv0q/a+GZJLV3+Kt1Kg7Q2Qx9OO9dboawzauiqw8+ffjepBA2jvkc1EU2CWNmLc5wp54/rUiJunQR/ewQewJHQ0CFS5ZgdxGGzWab6M2vuVLVdkw3NjjJVRkirc7oGBB3YJHXoKC3HnbnUbOTkHn9aKaIGHzV4+Y4HUmnOVvYiAylTxjHrinYoz78YzjODwfrTRwtIu5ioGcYOcmobmC5WR44m89VXc8sKsVQe5xx2rWMbHRajFux2yB9ueNo6D61PCWhTZISVOQM+lZcTurDCoRxkZ+8PWr8Ti43JIFAHQr2NEo0Sw42Ay0QJbP8XBP/GlK52F8EHcNy56nIOajtoZYmEe0N6sT1H1o58G0mJwoPI3deDU9PQJHrjaneazDY3skczXE1vMu1mUJHGNpUAEDOcnkkkZrZ13nwNH3wv8A9wri9HuJZLS1ErKyR2yKu8KQgY5xyM9hXa6wN3gZfoeP/qFa4PIWXlXqjoyYfjS/J2GhXRnM7sTuYQZBH3T5QyP61opexSSFEYsVIVvlIxnP+FeT+E/tGsrJbi1uZpfNBjSMyOTyqFTlj2JOR6dK1fD/ANoVpfyStdzPE4uA+6VwcqA3AHbr29B1rt+WOlZx8WdR448XHwno5u4UjlumIEcbtgdRliAc4Ht3IrwnVb2LVbeSYOsVzA7XHOEWSP7xT1LE9B3612/2i61H4l0i3ubIurwRsJ0BwfKYgnPryBx06V5aoMd1G0U3lSsGBL9FPOBnHcYrny5eUuKGkRySm6TdubczF8npk9q6fwrKs3hDWTLK0SieHc4GSODnHv2rjvmAyzcHrj1rqPDzg+AdZwmGE0JY5+8S1ZVplxVMrXl6lzJpywrtuZbiON4kz9xSNoY9+CO3aqOrW80+uXgliHki6lwFO07fMODn0zzn1otMhjuNYs7mV2g8p443dU3K2GAH5+tN4n1VRqWtWUiSS3LO0MLs4CxqXO5SO/qKz46pGl2Wpo7fS7W1lniDTTOx8yN8Oo5GzBHA9T0NUH1KdruCaeIh7dlEckm4xhV5xweh9veqFvcTwlVj2NcnbEpZcjqOmfy/GtAnEc5luxutUKiN1ULwcbRyec5/D60uLirEzRsbea+nvb1tTe1kuHI+HRW288gH0HPA9Aauec/mTrJK8scKl0Y5VN467B3znPPp36VSdh+zCNvkSRxlijoD5inBJO3kE7uPpUGlKZfNZ2txBGSvmyguSSM9fpxz0rKSb2ykjUlnFrpyPal1QFti8MxBb7wAweTx+PFZja1OmowrLHNp8kSkySI/zuWH3jzwMdAKk+PeOeSSy+HiWB/LLSABI2A+R8nJI69Oprnw9099JPJM5Eyn/OLiHcJc8HA6fj9KcIe2K0WbO8S+vFjggKAz7lctzgck57E9SabUb0rdiYhFtwQrMSQVBGOCOvH+FWJ7Wwt4I0ZRFMQhVon37cruPOe/p74qaG1mjRCZQ8gJ2jG5SOOOeP8Anvmm5JOx0YOkM0UsyGQfDydS8eD14YZ6dv0q9NaW8kZASRnY4aV2yCBjnj+lXJZDgzmYtKyjKZJY4z0PbnH49hULMZAzyISsfOHwN+OCvBI44/5zSlNy2hGPNbiFim75V4+UED61VlhCKZPmZTjAAAB9/etTVoviYbeYy58z+U5VQB0xnjntWVcWlzBCJfJZYj90lxz7gdTWuPfsVEPKOxzsz12jNKopDO4GEAHfoT7Uq3oKO7uIRDOSpxGDmTeeB7Z/Ct+w+1OKygSJdNib3N1j/wC2uQkukS/uo5AdjFVOB0wM4HboK6NREybAgQg+nSunw888Cbx6s5PJ8TFmpZFdGuftfUf/AMrtx9b3/wD5pL9sDBsfsy35/wDzvH+7VSxsop7aRmhWQA7SduT9ahXSJLC4W6iiZ4M8/IRge4rs/iXkfc4/4T4n+j/tlq38bftjUpWEdtBJICFhaYkOQucg45wM8VlRFpL678z5mWJ3Yp0GOfyp9XVZmv7ayhTbPFH5buP9CASTz27j6VS0EPG88UpUsLZwcdMha5vIzSywuX3OiOCGNKMOiRjibOMjyuDjpz616Vf6Hq948ktlp9oITu8uVb5wXOB8xHO05LAjgZBzjjPmki7pGGSMxn8MGu+1KbwxFJMt3p+uXBO+SSSGVViZ9q+ZtBYdMdcdR71xrHGaamrNsEmujAOmat+3LeKa0tblorcuRKzNE4RgJDuHJwSAQPcYrptBitrqQxaha6ItvZ2jTr5CsTt6g5JwRjr6HHfiqWu+GdPbXYtPsTe20CxSzzvMjPhAVJKjqQSBzwO/auz0XwlpSxQ3Nq9y1myfLFIfldS28A9ymcEDofpRHDHpR/8ADonOVLj2eceNIJntNH86OGK5lWeYxCIqEViuxT6nAz7ZArDtrOZ7tGPBDgsVG38v7x716X9ptl8TdaTmXy0Am3HeFPOw+5P4AmuXs7ey024uN9oJTHCGEc0zDMhkAwGX+ySfpjpXJlivl4RO7xsSWNTl6OT0gwgXckzgI7lWDDIIDsMfiMVpzKttCXjHyKOBk4IqSxtYbGS4gS1jk81mlDSyEiPLk7QBjPXGT2rrvs/itrzWpYLmwS4VY8BZYww5B6Zqp4pcl+TTH5EfjaPLPLAkVl27RnoentUZ3ZJ3AHPB65r1v7V9JtLOK0mt7C2t2LgHyogvG2Trgc/9PSvH5opyUxG7c8kIRiocadNnnyX2J7S3CCWO3QHI556AkHNbNhpNm/h+O+uQhcxz5G9y6uCQh2gYwSMZz65FSeFNDNxDJqF7EDp3mKNjttecqeVB67R/F9AOvTQ1DU3trW5XRbh7aGRGWe0KgjaeW2HGQvPK8Y6+uFzgp8G9j+KXHn6OVURrEAxCsMnbiqN9EI5pHR5tpOWG7IP4ZrQtxlThDjB5zVPV4XSNrlJN2SMq3b6UYnUqfsgosxU7XHA6fLnH5dakjuOCQwHIyQMZHpUdpp1/MA8VpeSowJBSJmU/iBVqLSNT2EHS7/jni2f/AArsaFQULkzDBPygdPT1qSZPMgeMNuLKflHbn/CmmsLu0kR7m0uIFKjHmRMmT14z1okkyrbWDLjIwOn+NZKDlkUYlQjbo3LGbU4po1hkwIWQE/L07Aj6E16zqfzeCDx0D/7wrwyMk3UZyMFlPoCcivdL0E+DJAc8K/8AUVvCEIpqKp+ypSk5VJ3R4zMZkvLjynYDecqoP0pxI6OfL4bn8B6VJePJDM7ruUEtyvQnccVJp9i9ws07EqifynknHauacHJ0hNasiubl5FjzuAPUE+9ZTxyyXEcUYO+RtiEnGSeK1NUtZLORIjlgRkNmq1oJJ9TsXUKQsyk4PPWoxpxlTIqg4fC+rvHHIsMQRwCCJQM5rpNH0PUIPCOvWkqRiedoTGA4wcH17VqWTEafaHc20xoQcjHStW23Gwvxh8qI+MgkfMa61Hspdnn8QvtFvbK2uEiCzToeCGJw44B7DkGsrxNZefruqyMYz5d3IFy2GOGPAH411Gtq7a3o86MQFuQhY4O1iy4z9Rmmv9PtW1i/dgoDSTs/kEb8DJIIbPUfTpVY/HlNScfRnLIo0mc94X0ddX1lLV1Kbf3pKct8pB/5NV9WspI9evbbAB+JbaEGd2WJwPzra8EgJrT+UR/7LLgE/dHHOe2Kra9qMdp4zupreNHRLgptfpuPDEfjzWTetGsYrjfsralF8PaNBahzPNtRxncQFJBz9fl+lWIGgs9NjhVNrthmAY/MykjDHOBkj9Biql1d22ntcn4ZbnExin8yQkFwWwQO3Q4HotPI8TaXZRz+WhvSxBRPuhTjI7A8Y+lZcXVDJv2XFZ3DoryJcsxKvKoaMjAJzkYOMkAj096G+bDG1EC+UfnjYAhiAvQkDoRk/jWhcWrvpFjexD4sSPNAfNyTIq4Clh9Dn1zWTqfmLObqWNoy4Uja3CkADBzzjj3puDSuhN0Sn4g2ULGJjDEwkUbeC2f4uvGBmgF7bSyeXI8iNjJ2DGMnrnr1J4qgmqQvNIY5mg2KQCF3LJnqGB6/WittS0+xlLJbPKXBDuWIPI+6M9hxgnkVnHFKtoSYcEc9zORGJCRtyRnJx2GehJ44PJ6Urq5gZ2WciGQhcqwIxj0J9etUZ9UluCqJuUA5RVY/KenHqf8AE1XtZWubw/EMXJQjLjd06Vr8T7YNmgl7aiEQTSQNHuzj7xHv9eTWTfSfF3V3JvLJkbSfTtir8kkEdnOqpDuYMBlAW/D0/rWVHKiNcbl3k7cKSQDz61eOK7BBW+UkBVmBHfNKnS4beNsMC59iT+ppVsB2+v25vGlmf90ZJAXO7eOcH8akTwkXQH4+JfYQMD/vVJrMWpJppmuLYWsSENIBjHACrVmDW/CEmnuBql1bXfl4UyPlN/4KeOvau3wYYvjbmrZyeW8nJKDojj8HOqBf2sVU/wDwW/8A96OPwbgf97Ngdzb5/q9RWM+nagHSDxNG86nhAcDb3YsYwFA46+tbtkvh23tdt/rVpc3JY/6LVI0GO3Yf0rrrx/8AT/n8zm+LyntS/wA/kcotoIdTdBdSTIiEk7dgPPcA89e9RafMU1C52ENlHXPqOhrd0K0VNQlvFv8ASHVo2MSDUIt+7+EHJrCbw94qsLy8u59IeWOT51NrNC+1T7AnPHpXN5cYJVj6OjFizSj9a2vZLJkMSOpVh+or1jVYtL1SCziubzUrdI7ZY5I7UoqtuUbjypJPOM5FeDTeJ0ieQOs+5CV4CnP9K96i1SFbW0lbwjqt+yWsDm5ijXY2IlORlucfTqK4I2dXi+PK2vwVtRktIvH9xDc21y0c1gIVQOT5zMcdAwwpxjHHNdNb2MMVtBGNKlYhcFI5dqx46fKXIAP1NcJp/iq08ReLm1Gx8N3V4XtMNbHYJC27/SnPGMYFdWms6rao7Wvge7gO0gt58K8AZ5+nWrjJLs6I+POSuNfzX9zD+04T3L6Q7I1ttd9wdgTtJTJyPSuOupYEvvkmdEklHkxBchsgnk9QcbfyrpvG0t/rvhzSL++s3sJwzlo+PnUheRnlc46Hmsu7stDGnx3FteTy3abXEflquC2BhuucDjjniuaUVLLyLknixuDKan/Pm90/voIJb2Ca+eOW4gjeS1jWSPKHBchgHH17Vaht5kvxK1rMybCP9Gev0NRyym9ilSPUrZEilDpayCNdpDBh833uxz9aXkrnjfHsyxS4zTYGqwyG+0+F3vZo3l+aSW6lfB9Bk8HvnrVW+1abw1q8Mbyzz6fen5ULl3hfgHGeSDkcUGq6x5WoW0UvwyyxHzQUkZlx6E9P7xVqC2hn1iS+u5YJ7uMCOKONvlhXJ5GeuSD81fNrxvIUF80W1Ttd79f/AE9Z5cTk+DopTvq1pe3dnPcSCykkV2GQRjoNpP8AFtPTIBwBUV/dsumiygDi1zueUAj4ls8Fs8hB2Hc5J7V0P7Ct75pZZVmdJFPPn4RVznI4xz9TVq20mG106RJUkmjdQrJ5iMB1APt/wr6CGDrlXKl/ueRKe2vRydh4W1i60o6jBYTNaBZHabICKE+91/5PbpVi5+zbxXqlk11p+km6tJ+Y3jkjJx0Pykg/pXpmsXtra+BbnT9Onht2gtDAsTYy2cDO08nOSeO5NbfhS4l/YWlPJMkhW0QMEAO6Tbzk+ua2WFRkSkmrLWha9YaXbadpE88iS29nGkqhW3RkIAAVA7/Xirl54hsJmltEuX/exFY2fcpdyDxgj9Sea4HxDqGlRao0st/fEyg+QLWFJhKQCcEt6AAZ5H5GuatPFU4klW7ubGIIVCmSKRtrYxg4Ybe/auhJPZLTTK2pDVNaki0/zrmcrGzhLvPGRjIDD9RXN6tomqWem3NwbOSNYVJkYRgCJgOgOf61vSWlvpdlBdWW6yG828oO4hxgEOpbJ5754rDvNVuprS+thOrwvvGGfcW3DBb9acsKk9elZmpSjIPwrYyyXpdohJGYQWLc5JA6H8QTXsE/zeC5V6/LJ/dXmfhueWy0e/Ms1tH5Mh8pXViH8tAuM8D5sqAM7uDxXpvB8GzAekn9K5MWOccmST6dV/2dUmuKXvZ54miHUhIrxkqi+b6dRxyPzqCxj2SnTok2lnMYZnyWOM5x+nFW7TWbmOS6t4mbKwq6kLkKApHP41Jqmly2uqRTWIlLH5kbC7g4X+cZ5zziuTD+oWecsr+n1RvkWJ4koLfszvEfh/UVd5ZbORvK+QFSNoO7H45rR8G+DYL+3vJLxJYbqAb7czYETMOwyRlunOSB6Go72XX7iPyrm9uXgVt75kwsjknJIxnr34rD1DVLOxC288RecbjvVWlCg5564HPPvXVxTd2YKEb+o6PwnNY35g0+Z8tsG1fLb72OQDj2P/Jrp5Rpwt7uSyE8duyIx3Hc/wArYPYZ/KvL9J8Q2NrOstwYrhbdI0VANpGCQffoTnHauvs/Edlf6Rrt3Z2WnpDbxKzKkkkqS85+fdz07DtWfzZPlcOLr/iv7lLGuKdmnJotkTE8KRzHh2ZmBGVdemB1B+mMVmXAtI5dTlFkjSFXdmZRhstIDz15xU2j+LbDUbazdp7eCWePaI1UopJkGAoJ9uM1FdcRas8hAjWGTkkdfMlrpU5KDa1aI4RbSZR0/TtNtYzf2dt5TXNpPAyOchAEbJX8V/Kua13RbmXxRqVzHzBHdljhQemCR7V0UNzE2jxJGQXjt7gkJyfut/jVnWdOCTapL5yQmRmkVXDFpGIHT26c1nCX0pyCSTk0jiNWgimF7O/+tullEXoCG6/mf0oNRn+F0/w/e7CywtMxUcdJCRVue2n+68SXYBB2oxA+vOPWrF/aJc6Np6S20kXyzYRAMKQ+Rke5rGOVqTtGd7MK+8W3NykghTyI3THPLD1OfX0rN0/yrp3MzSk/zPJkmtaLQI5tDnvLkSLdIrOcv0x2xj265rMslUQsvl/MABnqD+IreU9OgadbBuWETKqwqhxuYHJHPQjn0orPdK8uQg2Qu/CDggcVXlUrJz/EoNXNMUlb1wuQlrISf5c7Vz+v61pHollTz5iu0ycH0UD+6mslJuVwwX5GJLdAKYjp9Ka1KNcxq5wpVhwPeiXQ0W5rVUtZ5P3Z25wwHOfY1nqo3XIIGQEI49xV67C+RMyEhcsBnnPpVJcGS6y2DhMD15FRj6GKBcyAUqO3wJVz70q1A9U8S+JYoNMMkEcDHzEGJE3qR34ridS1v4+5afFim5FBEcAjTgfyj+veuik0WUwSW/nbo3GCpPFc1D4Bl09Zbu5mSeOFd6qNwGRzz+gqccpNfUqHpmrpnh+11CCJdUEKjAdo4/lDOehJ7hR+pNVdZ8N6TEwNjEyRk8kSZJ9cd/ypk1y9cmTZ5ZYcqECjOPari6lZs0Ukt1fJLtClhAMk5yV+lKebgrcW/wDZWepm8TBScMn/AJ/cni0vw/fMouUt0KRhd3lGLzDjucV0PhR4NKvWsomMtr+88sEg4B5AH45x/wAK5i61+QEpamSQFfvPCVIOew9MYp7XxK8Hw9xv/wA9imxteIqsiEdS5OAAcYXHc804eR1Kn/I0x+HgjCT+W7T/AM7Mz7StGt/8oHfSURzcxi4khjZW8p8Yce3Izj3r3rw7LqreF9L8qHLC0hLBwqqECdFbqSRjr0PpXlB8QaZcz3N1e6PBJLOo3SoxVgMdjjAHfIx+Ne2eHpY5vDmnSQnMb2cbIeny7BitLu6PMyY+GjzPwLpcn+WU1zbyzCWTSWKsGA2tu2g89uB616PLaazJOdlwqQhtyjf82AQNp46kAnPIyTx6cR9m8o/ym2klidLOD6fvia9OzmpxN8UZz7POPtGW/t7a0W7uFk852KbScxlQoP1BGD9Sa86bWpvD13bzxTSRpM/lzPwfkHPcHjrwOenNepfafKsUuhF1DK88yEHocxj/AArz3xXarf6Lcw2to81xhWhwgGDnnGTxxmsvjbnysL0jQs/Eei3M6C2lubkGTCko5diPm9PSuQ1s63sM9zIIIYwIlb4QRgKCQucdT7nk1jRafdz2/kxpch4pv3nkLudflx0yO/vSl0W+kXDHXHGOjW4I/wB+pxYPjf0PRTlf7jat7ttSED3EtvL5dwhXyE2KhVOBj9alutRI02UrbIkIKmRwfLySeBnr3PPfNZ+i2dxYRwxzRTjdclm82PaQu3A4ya07LQ7jUbDULLVYnjWeWNoXiwGVUzjI6c/41olbHOcpbb2a+m+PLVrBbXyLJYo12BLi9OTjB7qcin1bxpbNbvp81tlpACTBeKp45APye+cfQ1Stfs10eGN0uxckOQVeWTYyDHQBeoPrihfwXoWor8TcfG+a2VbZIAMD5R1B7AU3C582QpNdAt4hk1F4Fu4mk2hYoi7fcz0bI6kDjnj2rRtvthbw2TpkGn2QS3c5y7AsxOSx9yTzWfB4Ts9JRZYb69kSEEiJwu1ie5x9a1V0+2niVpJZ/mHK/IQPzWq3zHejnr3XL7VvDkVvDCLohyUhjQs6puJyfbnHSq0FvrCWewaVZBXBO2RcOM9ck8g+1dTpGgaTo0pmtluBJs8sM0uflznHT1rQeaTpFIiDHeMsR+Zx+lNx/AuTezgrGDUTdfAS200Sz4XMWZEUZPOScDv3FaU/gu4ghedZJQI13ndGoBA56766CaO9lk3nVp14I2ogUc/Q1Tn0rzd27UGZsYO9cn+tQ8ko9Il1ZUhtzLZ3E0l/iNJJSLI8q8hIw4HYj1r12LB8IzAf/E/pXkdhp/xgaTz9hErHbsznnOetes2T7/Cso68uP9k0Y5ScXaKf7jyuSeS2ubgo5HmIEODyR/hVxdXupj8lxJiMM4P8px16UEmmvOxlSULu/sk1RutmnqxmlRg424Huea5ZqfLYWWJry4m5lvjkHjcD36mpLa2uLogxiSX+0QNv6irmlx2giSVbcsWGdx5/IVrxXCuwURye3FEfHb2y0o+2Zlp4V01YTFc6bYupOdoQg578g1sabpOnWFhqEFrY28ELxKZI0Bw/zd8n04o51ktofNk2IrHCgNlm/DHFXYLOWC0uTLtTzrcEBjyvzDr6da6YxoqXGtGbb2GnR3EXladAjCRSpUdDnrWlbWi3BuEZVMbMyvwctkk4+nOc1Us72KGYRiEO7uED7uAM9qkj1oWryJ5JbDlSd3oT7U4xSFOO/pCPhbSFIYWoBxj77f40+taQdStnEREcxxhz3Hp+NF/lBHgFoG57bu35VDb62I4AkxaaQZy4UJnnjj6YH4UcI1SJUZHJt4U1oyqDB8qE4/fAVduPDt/c2ttbGJTJCH3gycDc3H1rqrS7Oqs0cETBkG4nzADjPvUM97DaX0tvcTtHNsUlVw7YPQnHSs/isG67PP8AxBYXXh3RJviYysdwTBGFbedzKTz7cHmuSgudkAKD90AMkjp7Ad/xr1LxjHYapos4lmmmMCmWJApUBwpAJ4968niLNAFYCQAfKAMnFS4UiZu6I5ZEkRXRvv7mK4A2/wDPWrumXDR2OqQCOMiW3yzkHcu114Bzxknn6VlRoVD5BByTj0rQsnSK2vd5O6WDZGAucnepP04BreNJEMqt1qCMsJgR1wfwqcKzkkDgYp7NPNnSMnCsG7ZxzSk6TAryGRyznDKfvHNMM+fN24H91ak9qEtpyMADd0Hpis8Ipe6Y/eXZj8xmphJNaHYkbDA0qFeo+lKtAPZzdMM7EjX/AMq1jeLL+VPDt+24HMe3t3IFaLFgcq5B9qg1RJ9W0+bT7m6mNvMu1lGOnX0rX0CZ5JaPLdMURrxmXP8Ao13Cjt52uNwgm1CTaMtsi3Y/I16BYeGRpVu8FjqF1CjsXb7pJOMdcVUtfBvwDyNY6te2pk+/5W0bqih2cdvuADtl1InGcfDn/GgsZXvNRt7W7eYo0qo4I+YAnnj1rvDoOoj/APqXUh9SpqvL4JuL+6iupNWvZ5oiCr+WCRznqKKA5y+uJLGOG2kgnjDkIpkUqGUEA4J9q+mfDJH+Sem7OB8Cm0ZzgbOP7q8au/Bb6lHEmoS3k6RElPNcJtJGPavZdBX4fwzZxjBEdoFGDnouOtLpMpyb7OD+zeXf4rB//tzL/tg/316nurx77M5h/lmihcf5iyk+pwDXsFLF+0J9nA/bAfL03R7kcGDUFP4FcH+tc0Gy2FGea6H7bZ2h8KRBY1YvcYJPVcLuyPyrzqbxVrDcJI6RcYMQCn68UnJRbFxtC8Lo0ms6lCibnLsxXpgBuvP1rpmighOLi8tYfUF9x/Jc1wccTK8sjSTGSV8n+1nqTUv7sZ3nOOp9KmWZIOJuanPaT3sSW0rzKXjBbbtGcnPGT6irFx4uZA3wlhsXdwdx4zx1HP4ZrDVxbyQlkKAMJMHuPWmaVS5PBwc5z0zWKyv0+y+KZcl169fkRWy47KpyPrk1Emq3sCCNZECjr8gOO55NRmRTz8uepwKja4RByV9+aT5v2Dx/kNtavpRsln3RtwwEYBx+AoW1nUo1XyZZjH2UADaPyoBfRngBST0G7rRJqsAydgJ78nFNc+2NRr2RtrWo7txE2cYzvx/dSfWb9G2lpgehBc1MNU4+WBcevQVYtre7vHDQWuEx/F90/jTcn9hqNme+rXUmNyyt77zj+lIXV3LIGELs/ruJrqINELbWnZcj+FOg/E1pQWcVuMRrg+vf86lLl6KWG+zlbLSdVkdW2rbpnJZmOT+HWvX9MQHwzLwB8zf7prkMAdK7LRxnw3KOuGbr/wCU10Y41FkZYKNUeYnRFvHaY3U8YY/dU4AxTN4Xs5f9I80h+vNa9mq+Rlmx8zDA5P5VLk9FG0e3Ws5QTezaOOLimzIXw9YxLt3T4H8IlPFOmjWKDmOZvTMzf41qmMelN5Y9KaSQ+K9Iz0sLOM5W2BPqxJ/rW5orA2mprsC/5v8A31UWLceBWvY25hhuCcYkgPH0YVSewyQUY2UBbS2tmdQeNmES+dsHVgvOB7nFFZQjUbSO98gp8QPMMbk5Qk5wfcV0LIF4Rm4NRMmTyTn1q6OVyZjNYkZwiMffnFA1sy8+VGfwrYaIdc9aBoARjJoFb+5k+VID8qRA+oWomgnWbzVWESHq+wBvzrXa3B7nP1qCSFHyu6X6oT/WgDF1O31O9tZLdb4xB1Ibb/ED1BrzzWNKu9KJ82NmVf8AWRg8D3NesG1WZclZEIHG5iOfcCql/o0N3DtdmDdyGOBUSVhSPIrFEa2YgBSznGDn+tW4o1EpwO3HYCtDW9L/AGPIYUAXPOMEhv8An9KzILgt8qqRJ97aQefpWEm3dEyi0SThFiYuqq/IGaxoZBDKr5xjdyK1b92MYyRz+lY1yGk3KcIy5H15qsSuLsSLUl3vjYb15ycD3qEf6S6H/l/qKzkdi0a5PrWgT/nN0CT90f1WtYxrooSE54pU8IJf8KVWI9haDHLz2yfWTP8AQGoXmsYc+bfLx/Kn+JFc7PpusSk74pyB1OM/31VbSb1Dn4W4P/8AhzS+U0UDoZtd0e3wC9xNnnggf0BqpJ4wsIx+508Pz1dif6n+6sJrCflmtrkc8DyiKB7Yg/Nbygcf6s84qfkDibEnjW4JxBFb2/fKov8AcKqyeKNTvCV+LkA7YbFU41tUXElvITz/AAcn/pQr8CchraUcc7uKTmVQT3N/Kf3kkr5/tYr1XTvFa6D4Ys2nKyKNMjCx+YAS+SpA+gIJHpXlTSWiJ8ltjP8AM/Sq87C4jGZiig7doyTUPJL0iZJ+jqvs/wBbtNP8UxXl1MI4jE8bMeQCVwM47Zr26zvra/hE1pcw3EZO3fEwZc+mRXzLHaPkMJGXHOSh5/GtCzuri2yqyyIOvySlNx+gNKGRw00TUm9nq/2vxeZ4etlbIBuSD8uesbV5Lpcgext3IyfLAPHpxU91fT3IEcs8jhWzseRjk+vX09arQubZPKR3jTkhVcgAmnJ27NYqi+r8Z8ph77cfrQtITn/NiQPXFUXmdxtNxIwPUGQkflQiJQuCS2R97cRmo4lWXjPIwLeRFkcfMwoGuZVUkR265/td/wAKhEa4ITaoPHzMTwPSpIdJlnI2Lu9MNjP40JJCtsiN5K4IIjyRwOuD/wA9qgETzEbckn04wfpW7b+Gp5SrSAQDuGcN/StW38PWcOGcGRuvoM1Sf2KUGzlodOuJwsaoQQcgfWta28MO+0zNGi91Aya6OK3jhXbEiovoq4qQLTps0WNLspW2k2ttyIwzfzNyauhR6UWKXHemopF0NgClnvRpFJIrNHG7BepAzih3R7CCr+Z67hjH0xTGkJQGYAnaD3IOK7DRTu0CQf2//tNcczyOAGdmAGBk5xXXaEc6FMMY+cdfpWsOmc/kejibMfuiP7ZqeobbhZAP5zUm8eo/OoZpB/SgzimA3GkCp7j86mjXJ6E/SkbJJbZZ0+1Ej5IJUda05iNrhV4ED4x25WokzFGI1UjH61jeJNAbxAbUG8lthbsT+7XO7OOvI9P1q4qjiy5HNnQs5PqaHOPWq7NIQMsAep4pFmwfm59qqzIlJz3oScd6j3H1NNgnGWFIAi+eeaE+xoSOT8wpthP8QoAZgfX6CoXH/m/OpiP7VCU3DBlFAFC6t454mR+4xu7iuQ1Tw0kbmUE7uisOfw+ld21sp/1i1BLpsUi4Lr+HGKiUbGmeS6jBMrfvF+X+fbWNIm5eHRPmblzgDmvZp/DWnznEoyQP4zwTXLap4CivJlksZLeGHgFDnBbPOT2zUx1oHH7HnHlDzl2yRHB42nOfpVpubq69lH9Vrt7vwFPMAscFlbuCMOjvkY+orkZLeKKfUxIJGkRgkbKPl+8N2T+WK0TsTRDCfnP0/vFKmj4LY/l/vFKmSexFgOpP5UJkX1NVf2hZtx8ZCc8j95UT6xYwqhe5AD5xzSs0SL4mx0Y/hR/GN/Ofx5qj+1dPUfNewAD+2KEarpwyfikKg7QQpzRaHRom8djgnI+lCZw3UKf/AKax73xDp1oVK3AlyOiIx/Ws+DxlbzTKGtZI4ju3MTkg9uPfvStfYKZ0+9P5V/8ASKbMf8q/+kVy9x4yiiuAqWhaIcs3mDJ+g/xqzH4usJeIoppD3VmCY/HmnoWzfzH6L/6RQMlu3BSM+2BWXF420qA4ktrtWB5AdT/Va04vHGjMypH52SMq5ZCv4nZRoKYtkIGBHH9NopGKA8GKI/8A0irK6o2oxlfjIViJ67AAfxVc4rQttPsEUGee2mcnOVugq/lsNTaGotmXa6eLxzHbWkczDkhEBxWva+EHlVTcpHEvUoIWJH5LitCO+tQAivaYHH+mjA//AGqoz61CpdYYNzc4c+Wy/wD7Yqbs0WM0rTw7p1gA4tUZ15Mjxsf024FQ3Wp6VbjEcEU+eyRjAPvkCsC4upbpgZdhwONqqo/IAVFuxRSNFGi/cam0+QsMEK46JGOfxNVQVqEufWn344zTLJty+9LPvUIbPGammgmt8GZCm7pkjn8jQA2/nBb8zUkbQjd5qyse2xgMfXINRpezxxNEkzrG3VQeDUW7vmigslzmlmotwpbqdBZLux1rsPDq7tGm/wDOP6VxJckV23hpv+xLgD+dK0j0znzejA8M6St559xMC0STFVQBvm4HXA6c+tdZHCoOcY/+lv8ACuV0LUrKzhuIrhwjeexA2FuOP7JrWPiDT44maN1kcDITyiu4+mdvFZNbKgm0i5q2orpluAvM7/cUhhj+1yBwK5yDe7tKxLE5OT3PrTN5l9K1zOeWOPugZA7cAVMgI4DYH0AqkiZzpcQ9zDocUxZ/7VNzjljgUx6deaqjGx/mPU4pEMTjJOabfjADU+8k/eyKKCxeW3v+VIRMR3FDuye9DkYooLCMTZGTT+WR3AqNjx1PPvTZ56GnQWSbD2YCmMPfcAKiYAHvQk44NKgsm8tf5xSCDH3lHaq5bFAz+nFFBZPIiBDudSv61XaKJNxwuG5JRR83Hcd6Ek46CojxjK5+lDQ0ya1dbhV8oF16Ag5wfSvMpYYvP8TrPJ5CNcJhtuf9aecdxn0ruLuwzJ5yCRf51jbYXHsfWuU1vT/ioZktLd0JIKuwGVGRnOKi2nsrs5mexmtUaQhXiZflljO5G5Hf+40qke2vNNjkkBKKeuRw3I5INKqtGdExumVuPOJJ9c/jRSeYYlcsxZzwmcnHY00EMalnklbKqSAmAc/jRfCKswK4JI4G7jNQ39jQg3SMcBDk4GCe9SfvQQ27npgknbRuuSUBUMv8WB+P1o0LYyQgZCME/wB/rTsCAxTOfvKoHGTT/CS4BZkPOODk1Pg7WCugJ5wDjir9jpd/clSI9wUcSOePb68cUWNKzOjsJpj8r71C5bA5A+lWbTRZWJdI5HHYY4J/HpXR2XhyGMq87tJIM9GIA+la8cKxgBVCgDAqbZosT9nOReFjOFaZjGB/A+JM+47j6VftvDVjA6yGFHdRjOMD8q18AUqNs0UIoZcABeQB29KMkj3oGOelODxzzRQw9+abP50BPNP1FMKHL8cUwbPal0qWK1uZl3xW88ifzJGSPzAoKoix3qxFZzTQmVREEXqXlVensSDVbOOuaE4z/wAKBhlutDwDkDH4U2fekDQILd7U4bigzSzTJYe6mLUGaWfrmgEg93Fd14XIOiXGPVOPxFcEPrXeeEf+6Zx3JT+oq4dMxzrSOKZSLqfHQSGrdtAZGHUL1JxUDOn7SmgJPmO7FQAemT36VrRxCJAg2jHJPXJqUrY/k4wSRLyqgL8oxgD0pE8AcfWhDKRuY8du1LIOT61oc45Y8AHI9qZmP5c0II68ZoVYsCeRn0FABFjnqKbcTnn9Kbdx97rQhuOO9ABbjz9abfxgmgDce5pg2B2oAIMSBzTZyO1DuPt+FMCB1JoAUhmJQx+Xtz8+7Oce2O/1pmlQuyj7y8nIOPzpbv0NNnjoeKAEzY+ntQswz2NNnqMUwbHGM0gGY4zzQFsDnpRBuoI/WgLdscdqKAjZh0xwaz7/AE8T4ZCwf0PRx/jWg3GQe9RYRRja2Dk9aTVjTo4u7tZblmt5beZlYngkDoevtSror2z3sXi2k8fK2DmlWdNFWcfOrCQEyK2MdGJA7dKYQjID7mG3OW44/wCFdJD4btwMvJMrdwp4P1FW7fSLOD/VCQ/2z0/CpRtHDJ9nN2OmtcDbBlgAR9zoD71p23hWM48+Q+4PJ/4VvqNo2rgD0HSn7809miwxXZWt9IsrXBjgjLD+IgE1aPuaan/Cii1roLPFIH0pqfJPAFMQvelnsKXHemJHYUBQhnvT5zSz3NIkn1oGkPgCln0ord4FlBuI5JI+6xuFJ/HBqS8ls5CPhbaSBR18yXeT+goGQEnPPWiFzMsfliaQJ/KHOPyqIn1IxTbs0A0OW5zSoc84ps/nQILiln6U3H40s5piY+73pZoc03agVBEk0gaEHinFIpINRnGRXeeD8Nplx64TH51wigV3fg3/ALvuR/ZX+taY/Zj5HSOctlAvL09SJSB+tWGDkgAED61XRit/qC7c4mPP51MCUHIT37VSOUdiCcEN+B6UmOeOR+FBuJ+b1pD5myD06UwCbAHf2pmZVB4oSTu4xx7UzFiQCRnr1oAIkKOOfoKHO0DpQuxx/wAKBicGkAe75R379KYMfQdaAONo78Uwbrgd+9ABFuTwOtNvwcUBbk4GPoabcd2aAJC/PHf3oS2D+lCxzznGPWmJJGMj86AHdjQFvrmn3blxx+dACRkcUAJmVhwW9jg0xYEcZFInk5PX3oSwFACJ4wTzUZOe4P4UTkEDAIxQswIxQBHghhlEx64pVImCeg/KlQIhI7k80vpSalWCR6V2Ic96fH0puSafGOtMQ+ccCnH5Uw46YpsgUBQWfSluJ6UIOetLNBSiFS3ce9DnHNXLLUorNCG060uWPVpwWP4DOBSB6KmfUUwP1qS7u/iZDJ5cMQ7JEm1V+gqDJI9KYBZ9Kbd70x565oc4NArCJNKhz9KROKYrHpFjTE+lN15oFY+SeaWTnihz7UsgdqA7Cyc802e2eaYHsTzTg5IGKRSQuc0agnvS9OKOJWkfYi5J/SgpukTWsDSuPvEAZPoK7fwiQLe9C8DaCPpmuYhhaJQoOPXHFdN4TP7u9HcJ/fW0VSZ5+Sbm7ObYAanfhsf6Yn9TRMRkAjHqaUwH7V1DLYAlPfHc0wwMkpknrzTRAiw7DGfaiJCjqMD0oOGblWGP1pn2cKOrcc80AF2zzzz1oT75pmwOgzQhyB3HtiigE+OBn9aFyQpwTTEknr+FC/IOKKALcenNDkjP1pm46nAHehGTn696KAIH8c0DEAZ4/KmcBtu5VNMWPpTAM7TxxQ5GOoFCGyAckexFNnBI3D1pAGPwFCeucmo3AB37myOwJwfwpZ9iaACPPc0JbPrQhvXGR6UicH1J4+lFAIEAYP8AWhLDPXinCtjqCfWkevHbrRQhA8gZ4pUK7xIBj5fXNKikFsc8kjmmAHqaXTpim7Z6msEekkPkA4yKROc9aHJPtSJGBQVQ+O2aWcCihikuJVihRpJGOFRBkmteTwlfwQGe5ls7dAMnzJun6UBaRjfeIGOaR+UkHIPvTMNpZQysB3HSgHTrmgA84zzTdabIpsZPANANjk46GkSKDBA4xnvTc+ooJDJ96QP/AFoc02eOvT0p0IPPpzS3UIYZ96YnHagQRI9ab60w9e1I0BQs8c4pxyKWM0gOaRSQ4GT0o1A/GmVD1yAfpSI2jPegoLOcAZ69K1bS2S1jDt996g06080CaTOB0BrQSMgkkIvpjsK0jH2cebJbpA7lUffeug8JnCXuOf3ZIzWHtJIwwIHUCrPh7X9NtLm9jn1C1jOxlw8gU7vStUc5Ru/m1q+GMr5hJ496TEKCcn++qq6pZ3+uXsdtdxSsTuAjfORVgqDJjcSV6ipQxBAowGJHuc0GCWOOgGPxqQ7R2AoV4Uc4J5IA70ARsCQRtJz70iuBgsPzo2+aQAZyPmx60m+lMCIKWzglgD27ULqeBgnmpFJ2/NtU89KBiCVHqaAGKt1BNRgnLAHdg4Pt7VMWz3H50C5JO7B54xSAjZjkEAEg/lS3kdaKTBXnOMg8UOEHOTTAFSORg8etI8EEAdefpThBvOCSMcD0pMikEYP40ALJX+GgBzxg8VIvI5BB9KFxggkkDpQADDGCB9c+lOQMYxREg5G4470A6YyAOnNAAg/wjqO5pHd6fWkw4GGAxzxTKu4bg59RQIdCCwwQfelTIgVgqk7aVAAnH0od2OBjFIk5PND+Fc6PUQ+7PrTHnmn+7kEAn2PFMTmgY4ODkcfjilk9zz70Oe5P5ml1oJHz2zS7c/QUOfzpEkiigsfOB/fTZyMZ/EUx9/0pEAUUKwh6GmOBxnrTZJOQM0sjpTELPFNk9AccelIHPWkADxmgBiSacEnjNLHHekOlAULJNLvSHFODg+lIaQ4Bx3oghPOTTKTRAk96CxwD6nmpbS2NzIck7Aec8ZoYEe4k8sfj9K1VtWgARCfzpxVnNmy1pE0cSpwAMexpyCOQCT7U4E2MA4H1pgsu4lnznoAa2OQkQbCACcZrxK+ldb66Ad+JX7/2jXsk8vwyF2jdwD0Xk15Pe6PfS3tzKllclHlcgCJu5PtUtgWfAjY8U253s2Y5M59dpr1CMArltoY8kAV5n4X02/sNdt7mWxuwiht22M5AII716dCEki3+YUzztaM5qXNLsEgZAjYXJBPoOtPsz/CRVeMSs0i+WQqtgF8/N349qNlGMssfHJO01akAW3BOTj0oZGjjRmLnAGTTKjBcLtx16ULCQdCp59MUAOCiqFGeBjmhYgsAP6VJwen60B2+YARltufagBiq+lAp5bAIGfzqQgH+GgVSCdy5GePYUwBcHaeCPf0pvkIBK/pUhHHBAqNCWQHIHt6UgGOFZSFz2PtREe2aEhivBwfWizzwRimBGOGKlsnrj0pNjGMk/hTuFDDJBzxnPSlgDuPzpWAAVWAJBB70zqo+YggCn2jJJb8j0p/LUg4Zv/VRYANs/wCgpgo3YAxUgBJIBPy0zAc/ez6igBlQbgCKVPGwyCQQe4ApUAVccnt260xz04/Ohbnkj6UJbnHPTNYnp0Hnjrg0x44BH1NCD05/A04OaAHOfXj6U2ccZpgBnFPiglsY89+evSnLZx/hTHGeKW4EUxDjHU0uvrzTBqbcRjPSgKCB9RSJBHNCScnmm3cgUCoLb79KbnPWm74yKXPegaDJx3ofp+dAQPT9aID0+tIpIIdDyKIe1CAT06UaoWIFBSBOG4ywHscUaKWwq559TUgj2npz2q/p0Ue/Lld3bPamlZnkyKKsks7aW3jyNmWPfk5q1GpjXBT81p96lgfM2gdBinaVAMNIxzwBjrWqVHA3btkc0sJibdHK+OoRcn8qdZGZcgMvsQMipo7Uvny4iT1OXpSaXdkHairnplqiWSEXTYUyBWyWLkn0AoZWgjVpHO1QMklsACrY02RFG9E47nLf0qG6t4FVY3MEm/OU25wPfNJZIPSYcWQxKmTIsZywB5bBonnYA4jI7Zp12joFH91IqrOpLDCnOMda0oQCzjaAwbP9aFpB0CEg8dKmMn/l/Kh3OckKu0cZ96AIzjHINRkAuCFIx+tTsT2qJuGyVNABYDfw/mKEBQ5wo4HUClv/ALJpkf5iOmKAH2pjotAAqljxyfQVIW96ABSScck0ALg9h+VRoyMCcAckYqbAPqKiB+Zhjocc0AMduCNo+opgBjoKPOfSmQhBtBHWgAWQbScA06xKVz0/Cj4I+9QLkg54IOKAGeFTjIXj2oDAgfdtXcBjp2qQgnrzSGAoHHHrQBHtC+g+lLBGec1JtB/iA/Go/wAMUAOpw+cdf0pUlUFh0NKgDPJwTwKHdzxQlt2eRTqCxzyPxrE9MfB9qXJpADrTE/QUEj59TQl+D1xS9uo+lMTnjvQAskjtTd8fjmnx9afB9KYDbienbrT4b8KXfrS3Y6HNKwEwHbg0LHbjg5pZ+n+FDwO9FhQ+7BweSaQJIyRikCDge9PnnAagpISlm75ohnGCR7ZpZH506le/60FUECc9etSoGIAGSRTRkdCOKnj+Y4A49qCZNRVhWsTyNkg+mMVoC32kBYxu7kUEEnlnaEZSRwSOKspIB/Ea1iqPPnNydjLA+MlcH60PyZBxyOhFSmdGG0uee3eg2IBhd361RA4m2jh5PwbFAs2HZmJPoN2cChdG24BbcTjr096JVG7kfrS4oLDN0p/h/WhWQSjcEIFJgijsM8e9N8q4GGAHQAUJILGYEnlBigCsjMSM5opCxVgituxxmm8tlRQRyBgnrQAi7AcYH0oUcsOtJhsBJJ456UMZDoGAIBGRlcGgCQ7scMAPSgGULHOSeeRTH6gUK/KOSKYEnmn0FCkxctwBtO2m8xD0/OnVt+SPXFABFj7UGw5J9TTlqDjexHc0gH5B6ClkZ+YAUup7UOAX247ZyKADABAxgfhQ4AY4PWiwB2oCBvVgGGMj60AFknuPypsNu7dM9KQIx3pmYf8AJoAfJ6cGmKEEkAc0ufU/nTNgjrQAzAk9qEgKRnucVLx7020EZBzQA0YXcMED8KVKJdxz05xjNKgDI2ck54FPnAzwKTHA4NDwSO1ZI9ERO49uO1L8aWQM0JIAOeaACI79aE/84pHGPakAD6496AH5HGBT5I9KW3vyT+VM3GRnmgB8t/NQtjOeaXzHn8PamLsw+8T+FJjoRbk56inALHvxzTL1PQ0WOMD60DoYL606jA9venCHqefxpwuTjpxQWhsDt2qRcsQMYFCEz0ytSqdooBscDdhVBLdgK1rGy8tSz4OOSf7qq2cJzv29entV2VbiRRGqbUB65wTVwXs4c+Tk+KJipZ9/yrxwoHSj2uwOXI/CqXw03Q5/9VFFAVfLkFR23dTWhzk6WyqSzMWP1pnJHRuPrUmcjhFqIud4QKuevToKQEMT+ZliABnAPr71Lx2Ofwo/mPVY6YjthB7DigACMuDk8CiUFupx+VFFGFQcknqcCk47ndimBF84Koz54yWwBRYXpu4+tKLc2SC4HuRzRglep/OkBHiPaVLDB460jsPT+tExDMuWwBS3Ang/SmBDISFJAPA44pwQUG4AmjfqMnrxSKgdDSAjwmeFFJQhHy4A9qM7fx+lCqBFA3E/UUAMQM55NMo+Zt3TjFFx6AimzuJAC8e1ADnbQFkDKD948DjrRFKBowxU8gqcg4oAdh3HBoH3bcAkHNGB6saRXg80wAzjvT9RzQxYkQPjBI5HpUgA7ikAHGM5p+OgomC5JGAD+lMEHrQBGu9XYZyp5HNHn60zfIAcAjvS596AEGCHPP5UqJcM2D0pUAYoXcOp/CmVRuAyeaVKsj0R1QMD2x6UguW6mlSoAQRTyaNEBJ/OlSoAQjG3PNN5S5/ClSoAj2gByO1EsYJ79aVKpfRSH2BRuHWmMe8qNzDI7YpUqY0SBNqg5OfWiCDOcnNKlQUEqAirFrAkswV8kUqVC7M8vRreUsduXXIYe9JSSByaVKtkeYEw+XOex7Co0yyg7sH2ApUqBjsGzjexH4UkgUMzBmyRSpUAPyP4j+lCWYnG4/pSpUwJlj/tNTNEDwSTnjk0qVDAXlgAAZAHApGME9TSpUgII03M2WJwxFSGMY70qVAAlFJGQDjp7U+wZpUqAGeMBWIJ4BoFjBUEknilSpgAyhRxQAkEkHH0pUqYD5OVGT3p5IxtByaVKpAYgjuaYpnnJzSpUALywAACacIDilSoAUkYGwgnqf6UxjHQEilSoQC28feNMQRjBNKlQBLGuSOTSpUqCT//2SAgICAgICAgICAgICAgICAgICAgICAgICAgICAgICAgICAgICAgICAgICAgICAgICAgICAgICAgICAgICAgICAgICAgICAgICAgICAgICAgICAgICAgICAgICAgICAgICAgICAgICAgICAgICAgICAgICAgICAgICAgICAgICAgICAgICAgICAgICAgICAgICAgICAgICAgICAgICAgICAgICAgICAgICAgICAgICAgICAgICAgICAgICAgICAgICAgICAgICAgICAgICAgICAgICAgICAgICAgICAgICAgICAgICAgICAgICAgICAgICAgICAgICAgICAgICAgICAgICAgICAgICAgICAgICAgICAgICAgICAgICAgICAgICAgICAgICAgICAgICAgICAgICAgICAgICAgICAgICAgICAgICAgICAgICAgICAgICAgICAgICAgICAgICAgICAgICAgICAgICAgICAgICAgICAgICAgICAgICAgICAgICAgICAgICAgICAgICAgICAgICAgICAgICAgICAgICAgICAgICAgICAgICAgICAgICAgICAgICAgICAgICAgICAgICAgICAgICAgICAgICAgICAgICAgICAgICAgICAgICAgICAgICAgICAgICAgICAgICAgICAgICAgICAgICAgICAgICAgICAgICAgICAgICAgICAgICAgICAgICAgICAgICAgICAgICAgICAgICAgICAgICAgICAgICAgICAgICAgICAgICAgICAgICAgICAgICAgICAgICAgICAgICAgICAgICAgICAgICAgICAgICAgICAgICAgICAgICAgICAgICAgICAgICAgICAgICAgICAgICAgICAgICAgICAgICAgICAgICAgICAgICAgICAgICAgICAgICAgICAgICAgICAgICAgICAgICAgICAgICAgICAgICAgICAgICAgICAgICAgICAgICAgICAgICAgICAgICAgICAgICAgICAgICAgICAgICAgICAgICAgICAgICAgICAgICAgICAgICAgICAgICAgICAgICAgICAgICAgICAgICAgICAgICAgICAgICAgICAgICAgICAgICAgICAgICAgICAgICAgICAgICAgICAgICAgICAgICAgICAgICAgICAgICAgICAgICAgICAgICAgICAgICAgICAgICAgICAgICAgICAgICAgICAgICAgICAgICAgICAgICAgICAgICAgICAgICAgICAgICAgICAgICAgICAgICAgICAgICAgICAgICAgICAgICAgICAgICAgICAgICAgICAgICAgICAgICAgICAgICAgICAgICAgICAgICAgICAgICAgICAgICAgICAgICAgICAgICAgICAgICAgICAgICAgICAgICAgICAgICAgICAgICAgICAgICAgICAgICAgICAgICAgICAgICAgICAgICAgICAgICAgICAgICAgICAgICAgICAgICAgICAgICAgICAgICAgICAgICAgICAgICAgICAgICAgICAgICAgICAgICAgICAgICAgICAgICAgICAgICAgICAgICAgICAgICAgICAgICAgICAgICAgICAgICAgICAgICAgICAgICAgICAgICAgICAgICAgICAgICAgICAgICAgICAgICAgICAgICAgICAgICAgICAgICAgICAgICAgICAgICAgICAgICAgICAgICAgICAgICAgICAgICAgICAgICAgICAgICAgICAgICAgICAgICAgICAgICAgICAgICAgICAgICAgICAgICAgICAgICAgICAgICAgICAgICAgICAgICAgICAgICAgICAgICAgICAgICAgICAgICAgICAgICAgICAgICAgICAgICAgICAgICAgICAgICAgICAgICAgICAgICAgICAgICAgICAgICAgICAgICAgICAgICAgICAgICAgICAgICAgICAgICAgICAgICAgICAgICAgICAgICAgICAgICAgICAgICAgICAgICAgICAgICAgICAgICAgICAgICAgICAgICAgICAgICAgICAgICAgICAgICAgICAgICAgICAgICAgICAgICAgICAgICAgICAgICAgICAgICAgICAgICAgICAgICAgICAgICAgICAgICAgICAgICAgICAgICAgICAgICAgICAgICAgICAgICAgICAgICAgICAgICAgICAgICAgICAgICAgICAgICAgICAgICAgICAgICAgICAgICAgICAgICAgICAgICAgICAgICAgICAgICAgICAgICAgICAgICAgICAgICAgICAgICAgICAgICAgICAgICAgICAgICAgICAgICAgICAgICAgICAgICAgICAgICAgICAgICAgICAgICAgICAgICAgICAgICAgICAgICAgICAgICAgICAgICAgICAgICAgICAgICAgICAgICAgICAgICAgICAgICAgICAgICAgICAgICAgICAgICAgICAgICAgICAgICAgICAgICAgICAgICAgICAgICAgICAgICAgICAgICAgICAgICAgICAgICAgICAgICAgICAgICAgICAgICAgICAgICAgICAgICAgICAgICAgICAgICAgICAgICAgICAgICAgICAgICAgICAgICAgICAgICAgICAgICAgICAgICAgICAgICAgICAgICAgICAgICAgICAgICAgICAgICAgICAgICAgICAgICAgICAgICAgICAgICAgICAgICAgICAgICAgICAgICAgICAgICAgICAgICAgICAgICAgICAgICAgICAgICAgICAgICAgICAgICAgICAgICAgICAgICAgICAgICAgICAgICAgICAgICAgICAgICAgICAgICAgICAgICAgICAgICAgICAgICAgICAgICAgICAgICAgICAgICAgICAgICAgICAgICAgICAgICAgICAgICAgICAgICAgICAgICAgICAgICAgICAgICAgICAgICAgICAgICAgICAgICAgICAgICAgICAgICAgICAgICAgICAgICAgICAgICAgICAgICAgICAgICAgICAgICAgICAgICAgICAgICAgICAgICAgICAgICAgICAgICAgICAgICAgICAgICAgICAgICAgICAgICAgICAgICAgICAgICAgICAgICAgICAgICAgICAgICAgICAgICAgICAgICAgICAgICAgICAgICAgICAgICAgICAgICAgICAgICAgICAgICAgICAgICAgICAgICAgICAgICAgICAgICAgICAgICAgICAgICAgICAgICAgICAgICAgICAgICAgICAgICAgICAgICAgICAgICAgICAgICAgICAgICAgICAgICAgICAgICAgICAgICAgICAgICAgICAgICAgICAgICAgICAgICAgICAgICAgICAgICAgICAgICAgICAgICAgICAgICAgICAgICAgICAgICAgICAgICAgICAgICAgICAgICAgICAgICAgICAgICAgICAgICAgICAgICAgICAgICAgICAgICAgICAgICAgICAgICAgICAgICAgICAgICAgICAgICAgICAgICAgICAgICAgICAgICAgICAgICAgICAgICAgICAgICAgICAgICAgICAgICAgICAgICAgICAgICAgICAgICAgICAgICAgICAgICAgICAgICAgICAgICAgICAgICAgICAgICAgICAgICAgICAgICAgICAgICAgICAgICAgICAgICAgICAgICAgICAgICAgICAgICAgICAgICAgICAgICAgICAgICAgICAgICAgICAgICAgICAgICAgICAgICAgICAgICAgICAgICAgICAgICAgICAgICAgICAgICAgICAgICAgICAgICAgICAgICAgICAgICAgICAgICAgICAgICAgICAgICAgICAgICAgICAgICAgICAgICAgICAgICAgICAgICAgICAgICAgICAgICAgICAgICAgICAgICAgICAgICAgICAgICAgICAgICAgICAgICAgICAgICAgICAgICAgICAgICAgICAgICAgICAgICAgICAgICAgICAgICAgICAgICAgICAgICAgICAgICAgICAgICAgICAgICAgICAgICAgICAgICAgICAgICAgICAgICAgICAgICAgICAgICAgICAgICAgICAgICAgICAgICAgICAgICAgICAgICAgICAgICAgICAgICAgICAgICAgICAgICAgICAgICAgICAgICAgICAgICAgICAgICAgICAgICAgICAgICAgICAgICAgICAgICAgICAgICAgICAgICAgICAgICAgICAgICAgICAgICAgICAgICAgICAgICAgICAgICAgICAgICAgICAgICAgICAgICAgICAgICAgICAgICAgICAgICAgICAgICAgICAgICAgICAgICAgICAgICAgICAgICAgICAgICAgICAgICAgICAgICAgICAgICAgICAgICAgICAgICAgICAgICAgICAgICAgICAgICAgICAgICAgICAgICAgICAgICAgICAgICAgICAgICAgICAgICAgICAgICAgICAgICAgICAgICAgICAgICAgICAgICAgICAgICAgICAgICAgICAgICAgICAgICAgICAgICAgICAgICAgICAgICAgICAgICAgICAgICAgICAgICAgICAgICAgICAgICAgICAgICAgICAgICAgICAgICAgICAgICAgICAgICAgICAgICAgICAgICAgICAgICAgICAgICAgICAgICAgICAgICAgICAgICAgICAgICAgICAgICAgICAgICAgICAgICAgICAgICAgICAgICAgICAgICAgICAgICAgICAgICAgICAgICAgICAgICAgICAgICAgICAgICAgICAgICAgICAgICAgICAgICAgICAgICAgICAgICAgICAgICAgICAgICAgICAgICAgICAgICAgICAgICAgICAgICAgICAgICAgICAgICAgICAgICAgICAgICAgICAgICAgICAgICAgICAgICAgICAgICAgICAgICAgICAgICAgICAgICAgICAgICAgICAgICAgICAgICAgICAgICAgICAgICAgICAgICAgICAgICAgICAgICAgICAgICAgICAgICAgICAgICAgICAgICAgICAgICAgICAgICAgICAgICAgICAgICAgICAgICAgICAgICAgICAgICAgICAgICAgICAgICAgICAgICAgICAgICAgICAgICAgICAgICAgICAgICAgICAgICAgICAgICAgICAgICAgICAgICAgICAgICAgICAgICAgICAgICAgICAgICAgICAgICAgICAgICAgICAgICAgICAgICAgICAgICAgICAgICAgICAgICAgICAgICAgICAgICAgICAgICAgICAgICAgICAgICAgICAgICAgICAgICAgICAgICAgICAgICAgICAgICAgICAgICAgICAgICAgICAgICAgICAgICAgICAgICAgICAgICAgICAgICAgICAgICAgICAgICAgICAgICAgICAgICAgICAgICAgICAgICAgICAgICAgICAgICAgICAgICAgICAgICAgICAgICAgICAgICAgICAgICAgICAgICAgICAgICAgICAgICAgICAgICAgICAgICAgICAgICAgICAgICAgICAgICAgICAgICAgICAgICAgICAgICAgICAgICAgICAgICAgICAgICAgICAgICAgICAgICAgICAgICAgICAgICAgICAgICAgICAgICAgICAgICAgICAgICAgICAgICAgICAgICAgICAgICAgICAgICAgICAgICAgICAgICAgICAgICAgICAgICAgICAgICAgICAgICAgICAgICAgICAgICAgICAgICAgICAgICAgICAgICAgICAgICAgICAgICAgICAgICAgICAgICAgICAgICAgICAgICAgICAgICAgICAgICAgICAgICAgICAgICAgICAgICAgICAgICAgICAgICAgICAgICAgICAgICAgICAgICAgICAgICAgICAgICAgICAgICAgICAgICAgICAgICAgICAgICAgICAgICAgICAgICAgICAgICAgICAgICAgICAgICAgICAgICAgICAgICAgICAgICAgICAgICAgICAgICAgICAgICAgICAgICAgICAgICAgICAgICAgICAgICAgICAgICAgICAgICAgICAgICAgICAgICAgICAgICAgICAgICAgICAgICAgICAgICAgICAgICAgICAgICAgICAgICAgICAgICAgICAgICAgICAgICAgICAgICAgICAgICAgICAgICAgICAgICAgICAgICAgICAgICAgICAgICAgICAgICAgICAgICAgICAgICAgICAgICAgICAgICAgICAgICAgICAgICAgICAgICAgICAgICAgICAgICAgICAgICAgICAgICAgICAgICAgICAgICAgICAgICAgICAgICAgICAgICAgICAgICAgICAgICAgICAgICAgICAgICAgICAgICAgICAgICAgICAgICAgICAgICAgICAgICAgICAgICAgICAgICAgICAgICAgICAgICAgICAgICAgICAgICAgICAgICAgICAgICAgICAgICAgICAgICAgICAgICAgICAgICAgICAgICAgICAgICAgICAgICAgICAgICAgICAgICAgICAgICAgICAgICAgICAgICAgICAgICAgICAgICAgICAgICAgICAgICAgICAgICAgICAgICAgICAgICAgICAgICAgICAgICAgICAgICAgICAgICAgICAgICAgICAgICAgICAgICAgICAgICAgICAgICAgICAgICAgICAgICAgICAgICAgICAgICAgICAgICAgICAgICAgICAgICAgICAgICAgICAgICAgICAgICAgICAgICAgICAgICAgICAgICAgICAgICAgICAgICAgICAgICAgICAgICAgICAgICAgICAgICAgICAgICAgICAgICAgICAgICAgICAgICAgICAgICAgICAgICAgICAgICAgICAgICAgICAgICAgICAgICAgICAgICAgICAgICAgICAgICAgICAgICAgICAgICAgICAgICAgICAgICAgICAgICAgICAgICAgICAgICAgICAgICAgICAgICAgICAgICAgICAgICAgICAgICAgICAgICAgICAgICAgICAgICAgICAgICAgICAgICAgICAgICAgICAgICAgICAgICAgICAgICAgICAgICAgICAgICAgICAgICAgICAgICAgICAgICAgICAgICAgICAgICAgICAgICAgICAgICAgICAgICAgICAgICAgICAgICAgICAgICAgICAgICAgICAgICAgICAgICAgICAgICAgICAgICAgICAgICAgICAgICAgICAgICAgICAgICAgICAgICAgICAgICAgICAgICAgICAgICAgICAgICAgICAgICAgICAgICAgICAgICAgICAgICAgICAgICAgICAgICAgICAgICAgICAgICAgICAgICAgICAgICAgICAgICAgICAgICAgICAgICAgICAgICAgICAgICAgICAgICAgICAgICAgICAgICAgICAgICAgICAgICAgICAgICAgICAgICAgICAgICAgICAgICAgICAgICAgICAgICAgICAgICAgICAgICAgICAgICAgICAgICAgICAgICAgICAgICAgICAgICAgICAgICAgICAgICAgICAgICAgICAgICAgICAgICAgICAgICAgICAgICAgICAgICAgICAgICAgICAgICAgICAgICAgICAgICAgICAgICAgICAgICAgICAgICAgICAgICAgICAgICAgICAgICAgICAgICAgICAgICAgICAgICAgICAgICAgICAgICAgICAgICAgICAgICAgICAgICAgICAgICAgICAgICAgICAgICAgICAgICAgICAgICAgICAgICAgICAgICAgICAgICAgICAgICAgICAgICAgICAgICAgICAgICAgICAgICAgICAgICAgICAgICAgICAgICAgICAgICAgICAgICAgICAgICAgICAgICAgICAgICAgICAgICAgICAgICAgICAgICAgICAgICAgICAgICAgICAgICAgICAgICAgICAgICAgICAgICAgICAgICAgICAgICAgICAgICAgICAgICAgICAgICAgICAgICAgICAgICAgICAgICAgICAgICAgICAgICAgICAgICAgICAgICAgICAgICA=', 'mooie paal man', 0, 'admin', 1);
INSERT INTO `posts` (`Id`, `Image`, `Description`, `Likes`, `CreatorUsername`, `CreatorId`) VALUES
(3, 'data:image/jpeg;base64,/9j/4AAQSkZJRgABAQEAYABgAAD/2wBDAAYEBAUEBAYFBQUGBgYHCQ4JCQgICRINDQoOFRIWFhUSFBQXGiEcFxgfGRQUHScdHyIjJSUlFhwpLCgkKyEkJST/2wBDAQYGBgkICREJCREkGBQYJCQkJCQkJCQkJCQkJCQkJCQkJCQkJCQkJCQkJCQkJCQkJCQkJCQkJCQkJCQkJCQkJCT/wAARCAH0AXcDASIAAhEBAxEB/8QAHQAAAQUBAQEBAAAAAAAAAAAAAgABAwQFBgcICf/EAFEQAAIBAwMCBAMFBQMJBQYEBwECAwAEEQUSITFBBhNRYRQicQcygZGhFSNCUrFiwdEWJDNDorLh8PElNVNykjQ2Y3SCwlRko7NERUZlg9Li/8QAGgEAAwEBAQEAAAAAAAAAAAAAAAECAwQFBv/EAC4RAAICAgICAQMCBQUBAAAAAAABAhEDIRIxBEETIlFhFDIVkcHR8FJxgaGx8f/aAAwDAQACEQMRAD8A9ZZ2yeTQF29aNxhjQYr6Ozw0hb29aW9vWmxT4p2FDb29aXmN6mltpYoFQt7etLe3rTYpYp2FC8xvWl5jetLbTYpAF5jeppt7eppsUsUWA+9vWlvb1psClikA+9vWlvb1oce9KgAt7etNvb1pU1AD729aW9vWlTUAPub1pF29abFLFAhb29aW9vWliligYxdvU05dvWmIpEUALe3rS3t602KWKLAW9vWlvb1pYpEU7FQt7eppb29aW2m20WKh97etLe3rSK5ptuKdjoW9vWn3t6mmxSxRYULe3rXhv2reE9Vu/GMMgu7m6S+V5YF8n93EUBPl8ce2T13c17ntoJIlkUq6gqwwR6j0rHPhWWPFlY58HZ8+fZv4Q/yt1zULrUP3V3FsvYpo1UxyFnIYMuCCDgjHGPSvoUMQMAnA4GfSore0t7VSLe3hhDEswjQKCT1Jx3qXFHj4VijXsMuRzdi3t61S1LTbbUk/fwW8syKRFJLEHMee4Bq7iqupx3EunXMdo6pcNGwRm6A46mtZtVsmNp6POdV0OPQPCl7p2tXUbJNcCZPJOTKoAyWB+bAIx3+lcBaS2klxLBbm4LO5lSQbUEgC45Y4AAGfc5q9d6vqviGaC31u9eG0DCIyum8xAnJxjglgOM9qzpdX0pLYoLaO4hFwFeVoyGiA6BWHXIA54wc49a+Z8ifybhpJHp41xVS7KL3kY01o4pGcK3lpiMDYzA554BznGSe/SnsVYWDMCIhCiq7EqrxMBwOevb3qawmtb91klRDH5+0w9DFGVIDnsTnHJ+tWb0aNZ6A0lvdxX7+YXnt3jZTvCtsfDdUY8MOo+UjvXNjwtq00aOS6Om8OfaLeW95ZTxxxyWtlZmEKAFOXYEsOeWyqgn68d6Vee20sNvcxzXBkljkQlMny/M6cnAPHX8R6Uq7oedkiqs55YIt3R9cMPmNARUrfeNAa99HGAR6UgKMCmxQA22mxRUsUgBxTYo8UjmgVAYpUdLFAAYpsUZFLHvRYUBilij2022ixA49qWPaixTYoAHFLFFiliiwBxSAosUsUWAJFNijxSxRYAYpYNFiligAcUsUYFNiiwAx7UsUeKWKdgBSwKLFKgAcD0pY9qLApYoEDSxR4psUwBx7UsUWKfFAAYpYosUsYoEBilijxTYxQAOKrahfw6ZaNdXG/y0xnau4jPAq5isrxLoj69pMllFctayE7klUcqf7s5xxUybS0NLezyDVtauLPTr2y061s57e6nMVtPaqGjMmQSY1OcNhsEn2ArziXSdQubn4WysLiS7SQl4AMbSB3z0NfSdh4Jto7XToruCykNqilyIfn8wY5VxjjIHBGMCsjxLpuheFBcavqNvDK887PbIGMQ34J2scksTknOOM9cV5eXwuVSb0jthnS0keCWumas121tFaTXFwI2kkgjUeZERz+JGRwuc5rSklGg2bgRAR3W5WMyEOAQBnHVfpVi41gtqcd5oOky6UPmjSOHMhjc4BIfG7Pt2GcUFze3etX19dM00yEhPNniJVyeSGx34JHfivMy4oNfSdMZu9mXb2T3V8UsGvXbgRuYiC2F5IxyB7Uq6fR7KxutH06eK4nsCbRSpYnMzBtrlenf8hSrnnimnSLUkz6Zf7xoaklRkchgQRUZr69M8kVMaelQA2KVPSosBqWKelSAbFLFPSpWFDYpYpU9FjBpU+KVADUqeliixMbHFNiixSxRYgcUsUWKWKdgDiliipUWAJFLbRUqLADHsKWPYUdI0WKgNppbTR4zTEUrCgcUsUWKWKdgDiliixSxQAOKajxSxTsAMUvwo8UsUrADFLHtR4pYp2IDFLFHt9qbaRSsKBxSx2oiMVm+IdS/ZGjXd4slskkcZMfxDbULdgfX6CiUklY0r0cbrXiq+1y9SPwzFe3MNpIBP5S/JJh+oORwCCOOxzXJ/aB4mPiW7tdPutFkt57WfO2VW+dCMsCOOMc8c9qKfxxr+rRmxttat98w3bLO2ZtoA4UYHXI5A6jP0rO8RQ6+VtNS1G41IJCCtoZkWMsBgtkE5z7nt+VeN5OaXxuSb/kduLGnKqJrvUrW4HxrrJbC2QrDBbZhiLFceUO/PX161x+v6ZPHHCunJKFu5GlaCPcvkkAZU9j7Z/DrVuTU97zyyZaByWkIkwAR97bkfKSMc81oaUkN5aSG6vI7WBmMrTEvv74KjB3k8DtgEV5iy5JPbOpxSOd0a9ubS1gijieIo0ib2JwcncV+oz2pVb8SX8LFDB5bCIBWlVsiUjgHB4zggZwM4pVzZLcm0xpo+xdQsxJISKxpovLIHPvXRXDDe1Zt5CHBYDmvp8GZrTOfLiTVozNvGabFShCWxTMmMmuxSORxI8UqLFKmSDSp8GmIpWAqVLHtSxRYUKlSxSxQgFTU/WlTAalT4pAUCGpUVLFIAeafFPSxQAP5U4p8CliiwGIpsGsbXfG3h3w2dmqatbwS/8AgqS8n/pXJ/OuWuPtv8PjIstP1i9x3EAjB/8AUc/pUvJFdspQb6R6FSrzA/bTcTZ+G8L3IA/8WcA/oKqJ9u138QsT+FJTu6FLn/EVHz4/uV8M/set0sV5gv29aTBIUv8Aw/rVuV+80apKB+oNdBov2t+DNclSCDWo7a4fG2G9QwMfYbuD+dUssH0yXjku0deQKaiGCARyDyD60+0VZmDSxT4FLFMBsUsUVKgAcYpU+KWPegAaVR3kzWtpNOsTytGjMEQZLEDoKxNG8YWmo2UdxOVg3ZXfnCsw64B5H49azlkjF8WUotqzoM02a4FfGmpyalqFpakXUwbyrfaq+WDnAIGec85z6UVj9qUEtiZJ7UpMkmxizBVAz97Ayfbjv6VhHzMUn2aSwTR3lZ2s6LZausbXol2wB8eW5Xhlw3TrxkfjXIXH2rIupQwQ2BEJX995jfMrdWxjggDBp/FviRZZ0FpcyvbMmySJkZFbjkg8FuG6D1Bofl4pRbTsI4pJqzmNIvbLS55oLN2MF7E0auOZkVSQiIeOc87jj3zio9Q1jTtTltxrFjfJaWtt8OXtfliRCwzls9u+Op9q62Hwx4eTXTeaiLa3iubJXhsGkOY+7yN6nBGDnjniub8a6HL4X0iGG4uZZrMzOLVVJ8uFeDl8jDPzkE9MEnNcU1kjBuXR0JxcqRzl9fWMt2TZxvHbYIMchHEY478Z46YHqa5/UNSW8SaziGwI4dETncOnBHU/hzzjvmjqrxiZ98s6KZDuzjkN/U98+9Vrm8jgCCFmWNePlY/MR0PX1yQPc14eS5NtnVdKipfWZF2IJJiyKu6QR5JVumMnjI70qguNSWIEedlm+faRkHPoKVax51pCR92zSfMagZ88UncFzmon4IxXtIAJrcg7l6GoDGehq6svyYNA+30raOVmcsaZTaLbQ7RUsgyKh21045No5cseL0IqPWm2470qVaGIse9MRT0qBjYpsUVKgQOMUsUVLFOxA80qfFPiiwBpc0+KWPpSAbvT0sU4oAWKgvo5ZbK4SCQRStE6pIRnYxU4P4VYpiAwKkAg8EHvQ+hp07PnW6bSrORwP30u7LOPmZj3JPrVZNSRThLVj7k4rs/Gv2YSaUX1HRkeay5Z4OrwepH8y/qP1rkba0VxmvGnCUXTPWhJONokj1WVQ221T5u5Y1RRDHKsnlAlTu6+9bC2iKvIp2tlC5wDU8WO0YuoSmZpJDCAXABAPTFUilpdSRi4iUoAFYOuQa3Z4RgjaK0vCf2fXniqcSnNrpqt+8uMZL+qoO59+g/SnHHJukJzSVs9N+zO3aDwfaL57TRl3MWTnYmeFz6DB/OuqxVXStLtNG0+DT7GPy7eBdqKTk+pJPckkmreK9mCaikzyZO22NikBT0sVVkjUqfpSoAakaVY/iHxNZ+HVhFwskks5IjjTgsR7ngckCplNRVyGk26Ra1nVINH06a8nkCLGvGe56D9a8d1jxPZ6vocNrpum29iQd7zIgkk3FieM42gnJ657e1SeMfEDX+s3ltPduYGKorkEJEvuBkH5hxxk47ZrJLpAzytezKqEqohh3EZ6OEPXPTnp17V4nleXLJLjDro78OFRVvsyoP2j8ctzaSySTRqJJMwsqZ6q2exH/QU8r3Qs5BdxCKVoSyvt3eb6Y+g+ufrWgH1EImmG5/zQy4SNYiDcueRuI+8MehxyPbDanFpk8Tq+tXFrciCZJVeUQhcEYVOdrqQOAB/CB1rhjhUunr+v4N3L7leLRbi+u7dLVZZ3VjLNG6Fn28feC9jwcD0Oa9k8GeFBpmkj9qW8M15M4lcON4j4wAAcgHHpXE+EPDWs6rfLeWd3BpsNoYYXMD5aVSgYyBhnezA53N1yR2r18DHHOPevY8LxYwblv8A5OLPmbpI838ZaU8fi+DVNSvYLfSY1UqkjBWlKj5kQjJ9CScAc14/q+t6hqapdzpeGxiYiNNxPkgseTxye2fwr6O8V+G/8p7OK1a4WJI2MgBQnLgfKcg9Aeo75rz7X7BPA9lcQ319b3zXqLDFbyrsBiDbtxIxhg2doGOnUml5WF7fSKwzTSvs8m1y2lbRbNpbiF433yQBXA2rnGCB3z/T61z73SLafDtE8pGdpVzwx6HHpjt7da2NfvFkJEEYSQLg7AFwAOuB0OO55rF0u2urgqlvaPcc7NsYBZ2PbHfvXkq220dK/JVcw3GwkEuwyWU4/DmlWlqGmXKxwXQszZwPEGjLTq7OpJ5OOh9iBSq260y1vo+3Gf5jT7x3qJzhjQivbeLRzRyk4fFCzVGDinLCpWNlvIhjyKA05amrphGkcuSdvQOKWKsW9nLcsAiNj1xxWnF4eDL88hz7Up5oR02KGGU+kYeKXWuii8PRxsDIWcfpUk2hQPGQF2HsR2rL9VCzT9LOjmcUsVavLGSzk2tyOzVWxXRGSkrRzyi4umDT0sUsUCGp6WKWKYCpUsUqQCxSxT4p8HtTAbFNitLT9MN2Cz7lHbFWj4cO0kSnOe44xWMs8IurNY4JtWjEx6Vwvi37PFunfUdEjSK5+9JbDhZfdfRvbofavXG0eAQsNgDAcEdawZImiYq6kH3qeUMyotwnhdnzJrfiyw0eaWxuneK6jO14yhyh9CO1Z1h4/wBPYiGWbJY4UhCP6ivaPtV+zLQfFtm2r3UcsF/bKoM9uQpmTcBtfjnAPB6isj7Lfsc8OW/ibVr1YJbqXS5IVtUumDqhZSxfGOWGOM9PrzXJLHKM+LOqORSjyRP4T+zyXVBHf61G8NqfmS2PyvN7t3VfbqfavTYoY4IkihjSONAFVEGAo7ACrHw8u8qVO7PP1oCpU4IIPvXdjhGK0cOSUpPYOKVPSrQyBp6fFLFFgNSxSxT4osATWB4t0W01S3guL6/a0trNmkkG1SJFOMqSeR0HSuhxUdxbx3ULQyxxyI4wVkQMp9Mg8HnFTOPKNFRdOz581e2trHUJHKwXcU0ZJeJ2RDIwypG884yDu7liDVvTI/D2sXzCRrl7i6nzJJM5iSNFQjcXHXk4IC+nqag8aaO8ELWKXFlJIZpZp7xk/ePluoAztAwV24z69q5vSbmX4iKNpJZsPwZG2hgoBb5+gIWvB5cMlJWj0auNtnournQ9GsodA0DTV1vU45xGZL0PIkbEjc5B+UJuIHOBn1PNb1x4esLTWtM0DTYrC3uobf4mWSS3WTc+8HLAjnJ3EH8K46bxj4z1e7s57LTmtY4lcRwW27M+w8eYGPUYxyexrZ8M+NDbS3+uapaXPx0wQi2jOfiASArL6d/l6D8a9CGSEtV/Q5XGSVnR6poDeFEfWfD6+RfeVuu40hxZ3+3nEiL/AKJzk7ZFHB+9kGup0XV7XX9Is9VsX3213EssZ7jPY47g5B9xXEXX2tW9hHbtcRE3sbOk9jbkFgei5Zsbe5z07U0OmeKtPu7rxB4b0+zs7KZjPLojTbvjBgEsmBsilPPIOG4yM8nrjkSdLoycXLvs9FxXD+MNM8M6TPqGvX6fEXz2+UgYCQK3ID7cYAyR97jjjmta98Z2LeDJPEunSLLG0JaFJCFbzOmxgejA5yvXg15Jq/ik+IdfsdV1giCxjkwBbBPNK45Cnq2CO+eD71l5OeCqL2/82VihL93oyHiitZW1eTR3Z5VOXvW3qJcjfsLDrg43cgdetc9fXMKTFDEkSW0r7Qh4ZGyD06D0Gf616F4h8QWU+n6jcaROYNMCYFrMAMTcFVVSTjucDoK8gvtRN5qDtwd2WJAxg9+Ogrx/Ie6gdkOg9c1E6iypGMKWLY39OABk454FKsa6mYS8YCjjdjBpVMYUjXZ+gtzo5yWTjviqfwBDKG6E8kVorqZ3sshytWoHgmVcjnvXqrLOK2ZfFFmc+lIyEoTn1rNmgeF9jLzXYrbrjgcVBPYQlt5UFvWlDyWnseTApLRyaxljtCkmrX7Nljdd6HB64rfSBVPCgGpkjzxTl5TfRMfFS7At0SONQBjA6VaQr2qJsKKFOW4OK5W7OlIsN8o6U6YbtQ7icA9adGwx4zUjK19ZJcxlWHXvXNX2myWjEgEp612BIYe9VLuFZo2Q9xitsWZwf4MsuJTRxuKVW5dPmSTaQDzjIq0mjnyyWYlj6dq9B5oJXZwLBNuqMrFLBxnFW5bPyZlVidp71djto/J24BzSlmSVoI4G9Mx6kht3nbCDNHJblJdgyR9K2LG3SMhlGM0smZRVoeLC5OmR2mmRoB5keWHU1ehsot+7y1z24q0FGKcMoOCa8+WRs71jSEq7eiijJO3oKGSdYxxzUb3QwMCoLJQmR0oZdPjuU2yICKr/ABEpbhsD0qzBd7c+ZuIp7QaZzHjrSIIfCmqSogDLED/tLXPfZXEDrnirjkSWp/ONv8K7Hx7Ir+DNVx/4Gf8AaFcj9lsgj8T+KYz0K2jfo4o5N9k8Uuj0BrSMsW2DPrVO40+Njnb0rVyGHBFV5lJzinGcl7G4p9nIyrskdfQkUArSvdNaPdJuLEnPSs/FerjmpLR5WSDi9jUqVPVmYwFPSxSoAaorvyfhZviG2Q7D5jFtoC455HTjvUrEKpZiFAGSScACvI9d8aalfapfXunahDBpkBSILMThkOPm2DOT1/PsawzZljW92aQxuXRLf/ZDp3iC9F9p3iadLYxb2GQ8hLdCW7A46kZ47153D4ctor3/ACfeye5vVkIdmncxQsCTvbb/AGc8Drn3xXRaJqst9bapbi/FjYu6I1xHG+XRWJ+V8DBIHCnA/U0Ut7b6JDO9g040WSZBG9xEGmlKjpleRySBgZ+Y158owdOKo6lKXTJLOG9stGtdTl8Ux3er4kCrMBKkS84RmzuXdjgDLZPbmudjvLzxBfPbwaHb/tCXIme2gz1IJO0MBwVHp37V6p4D0PRNds7m9msJZNjmCGK6QjyYwOoz/ExLEt1H3R056C3+z3wvaTPPBo9uspZXBJb5WHcc5BJ6nvW8vHlNLejNZIxbvs8tl8DaxFNbyL4Wt1QQOJf2ncwR7pSvMpAYnAxuC9BzQ3fizxSmnR6RbajpYlldYFtrRmklgTBA52gbWzgDJPQCtjxb4a8a6tq92vkXN5aIxVNrLGkyZGCMt29D1xniu88G+FrPQNJiUaetvduFabc4kO4dDn9fY0oQlKTjG1+RyaSTdM+aNTurm5ie2CSwu0wea0VjgS4wrhemSBg4Haq9pfxyodPvLj4a1372uEgDshAx7Ej2Br6N+0uw8Itp0F14mjeErJtguraP/OEJ5IVgOM9Tn0rwnVvD+garr6RaFqN5ZaW8TyfGarhw8q7iFGMZBxjBycnnriuHP4zhO27LjOMlo5W68z96sFwbqMsfLbaVZlycOQfu59/61QdGt1cIwkZyNzgHd9MfXNbmoeIYZosRaPY2bvCsMvlqSCyjl1z90k8+2fTGOddZvLknWIeVGQPnIzn6fSskkm0jeJG4LEu4bA74pULCeSIq1ssmeRntSqiz72dW3HBqWCR0YZJGKdshyPSpo4weTXo8iUjZs7lhCCzDPvU7Tqy5rKQhVA9KJZD0zxWDRoXDcqOgzTxXAcjjmqbSALingbbzmlQGiWU0w+97VB5gpzNt96mgssFmJwOMVG5ZTuzimWdT3GagvbjAwpp0ATzhTnzAT6CojcM3zAk/SqhYBRkZNS274HtV1QrJ1JYfMvUZzTncOhp1mBHakZEPXFTbGVZk83BYA4oYYipOOlW2CNyBSwAtVzdUKiIRITkgA+tTJjtgVGzYHFRrLg0tsKJnuHTvkCovjD5gYHjuKTsCQemetVpVDP8ALQq9gzRLJINwYUD4GDnNVoF2jrzUjnIoBEgYZqSOReQaqoxFPnHeihmf44I/yS1UA/6jP+0K5j7NyF8Z+JU/mtbRv9pxXQeMmJ8K6rz/APw5/qK5XwHL5fj3Wx/Pp1u35SH/ABpUJnpxO1hirBUbc9aofEAnj8qnS5yvT8qVMdjTJuByKy7uxjkUui4f0FajyA1XkGORVwm4vRE4KXZgzQNERuGMiosVsXECyjH5e1VJ7cRR+9d8M6en2cWTx62uililijxTEV0HNQJAIIIyD1BFcnr3hHwrY2F9qE9jBaFoZFaeNAWUN12qflz6cV12Kr3+n2mqW5t722huYiQ3lyrlcjoazyQUltFRbTPFrfxaNL8yy8NWDQ6fc2/kRG7BJLn5d4HTJwW288nml4Q8G3ut63eQ3E/7OexnEksShWMcnHGNxOccZ7dO1dzpHhmXXNYfXdd0p7eONmNvYzOrbCrfK20AdhkZPJPSj+z/AMO6hpF1qlzfWc1m93cmb95OkxlUk4UkcgjOTg4ya4oYHKSc+jeU0k+J2KoqDaihVznAFEeKelXoUc1A49qGRXaNliKrIRhSwyAe2aM0xHBxjPvQFHzX9oXjfWNQ1DUdJupd1u0wZYVjxwhOwg9ffj171j+LPFmm6hoGhafbLcQNYRstwhRFTc3JZMc/nngCtP7ZNAv9P8R/E61eQ3E9/H5vmQhlUgHbjB6dMAAk4xnk1zmnaFe+IYBHa2AhtdNiluLi+MDfNgBsOSecYAGORmvn5KTnKLfZ3xiqTOalljmY/I2AfvA5A+lVnuBGRhcDB4HU56g+1aNyk1tbLFDDEWcGRm3Z3A8gjt61mXt0FxGYmXGMnGCR1/5+lQkk6RsgWvB5RBjAYngHt60qC3vUWZJHiHyDAXGd31pVTj+CqP0JaAB2p1UiozcgseaXngnrXZbGiU5xTKaiacDvULXQHehIGy2zDFRGVl4FVGvPeo2vR606JcjTW5YAc0a3Ge+ayPjfekL4Z60cA5G2suaBpO2M1mLfjuaP45euanix2i970W8AVRF6vrTG6B706YWi8JBSMoqh5/vTfEe9HEORqC4G0CkZxWYLgUQnFLiFl5pagaXniovOzUTy470JA2WxJjqalWRayzcY70PxWD1puIuRs+cuO1AZh0rJ+MOKH4o0uIcjV380QmwOaylu/ei+Lz3p8Q5Efi6Xd4X1QD/8O391cj4RfZ9oF8M436TGfykH+Nb/AImuN/h3Ulz1t2rl/D8vlfaAx/n0n+jrSraBs9H3MxxnvVyOXZxmshbkij+LJoaBM1XnBpCYEYrL+JJ70ST80cQs0VXdn2qKWMOuDTRTfL1oXYt0PNNOgaKUsBQmoauynI5qqR83FdmLK3pnHmwpbQGKkjgkl+6pNTWqIxO6tODYmAMACnkz8ehY8HLbM59NkVVCjJPb0qCS1liYKyHJrpV2AcihdISeRzWC8qS7N5eLF9GGmlzMm7Iz6VXe1mQ8xt+VdG4C8LQgjdtJG7GcZ5oXkyB+NE56S1mjUFkOKGGBpX2gGum+U4DLnFQvBHvJVcZ7in+qftE/pV3Z4h9uWnXOvC10axNqyWxWa5LQnfbOfuEy9EDDP5e4rwvVvEWtyW1rZG+mlSzjeCPdITiIjayjgcHkepzX1/490+afwdrMdgkEl3LbFEM7Kq4yM5J4JAHAPfFfGWvRTWGqhSUmMSrKTE5IGRnr3PIzjI+orzM7l8nfZvxSRlzzzSziJE2KQMqowR+fSqeqRy8KfuvySwGSR6GrCai8UjKV2ISOSucDPU/8PShurmI8xlpn6fMpwB9PXpWcU4taBGOxbOMcg9x0pVZZBE2XDZ/Mn60q6C7Putr1gx60vjm96J4k3GkFj9BXoaME2RtdyH1oPiHNTtsHFR4X2ppIGR+axpbm71JsFIgdKNCZCztVDULy9t5bM20AlheYJcHBJRCOGGPfFabIKxPEMNufgmmlnRmnEKLGcLIXGNrnsvQ/hSl0I1RKfWqMevRm5eOUCFPPFrC7nmaXncoA9MdaUkpvdHE9kwYSLtDvIY8jO0srY656Hofxqjo8F9PHpfmqbae3z8TFId5ZDkZDYwWyBnHI5HeplLaSBHQrMak85sHaecHH5Vnagj3J+BstQW0vRtkJ2Bz5ecE4PB9PY4rVigOVBOe31obQ9mP4M1e71nwppeoXkge5uIN8jKoUFtxHQdOlbW8+tc99mSB/AekdPlSRfylcV0jRY4xStFbIzJS87Hek0DHoKY20lPQtki3OKBpi1AbeQUHlSUqQWyTf70xYUAikJxRGBweaeg2MXpbs0XkZ70BjI45paAMMO9PuFRBSKILRQFPxAwOg6gP/AIDVzektt8fW39rSnH5FK6PXh/2Hf5//AA7/ANK5jTiF8daX/a02UfolQ+0Uumd5vFOHFR/KaW0HvToVlgSKKMTKKqbD2NIow70UFsvrcADrS+J5zmqAB70RA9aOIcmWmuM0AmG4VX3AUt9UkJs0IHG7PODVhnzgZOKy4pCrAirTS5UAGlLZUejQt76QSBXPy097qUFjFJc3MqxQxrud2OAorNV+5NeZ+NrXxzefEM1wg06eVl+Ft8OPLCgDcxA4YluD0wSaxyy4q6LVnd6p9qnhrSyEF2biWSEyp5KFkI5xlug5H6isPw7e6z4u8Qaf4iuZvhbCCElVjxtlJ4xg887ct/L0HrXjlxpl/b+G/wDKGd7m3jM/kW8bhB5ke0EOpOMqMYyB6HkCtDwsL6bREuY9fe3SO7YTWccbfPEAu4hj1OOSDxjP0rmjkbl9SBt0fTMF8j9Tmo7i/wDKbAxg964/wtp66do0KQ3k10rjzDLJKJM59COMAAdKs22qWmoXU9tbXSXDwKrSeWwZVznHP4V2KK7YuTo4D7XPG+o3Opv4etJoorRwsE8U1sXSQkbuT39uQMj8a+edYxNfsYIMKM/LESFwOCee3r25xXsP2y+B9S/aF1rlnGo06RUa4/eZZpDxlVPJPGfx/Lya/a90ya5sbe/mm09kxmZdgZWwxBX1yM4z1Ga4MrfL6tAznDNJZXLvBIVlIKllHGGGCPpgn86piQDhg3XGQOat3IaNyNreYeQwPUetRqxZyy/u3XoO3uc1aeikDGihgskjAAZ+XGfzNKlNcE5D5355OQRj0x60qKA+5XJ3Gh+b0qSQ5Y4qMlj1r1kjlsbn1NMNxPWnHWjCmqoVghWNOEJ65qVFowgoolyZWKkVyP2l31xb+HJhZtAHjkRpnkDExL1BUAYyemTgDPriutvbmOzMRf8A1jhByOODz79Og5rk9au7K9tJLCx1C2lu72TYRLx5lvu+Zd38oycHIyeKwz/taRUX9zzf9leJ4tO05/2skcF+48iB7l8sQccrtwOnvXZaVonj57oeZ4tsG8uQrLFvMu3nnKgLz+I69abQrrRrNbTR21JpdOJeaJpTty+4bRuwDkH+XoQc9a1tBtFeK/1RdPu4dRfesN3PGuZTIx2sqjrwQc9wBjFc+CLjSs0lJEMVr4rhsZbgeJ7SZYVmV5JrA71UE5wfMzkYwO3HetbSpfElzEkcWvaQ8kapuEmmybxlQQWHm9TkVW8+JLqbQpJrNBKPJnaJC7hyOWkP8IPYevoKpeGtc01tTSz09xZwCUIwkBaWVw4Cru5Cgruwvbkdq0TSaVk8jQ+yW5lPgSwE5+dJbhenpM//ABrsRcA1xf2ZwPJ4MjCOEcXV4ikjIBE79q0/DmpPqUDpKGEsWeWfLMM8kjAIwePyrTj0h/IdH54NOJgPSqMeyX/RzI5wDgMCcHpReW/Y0fGCylwyg0O5Se1VNjjqafY3rS4D+QtZUUi6kVX2Njk04j96FAPkJgVpjtNRGI9jTCJyeKHCgWRMlCrTELTi1kI60/wxHU4qdFb+xm6+oOiX/T/2d/6VyVoceN9DP81hMP8AYWuu1+Pbol/yf/Z3/pXH2xx4z8ON62sw/wD0hSfaGumd3+FPz6VKpAGAKIYqrJoiVGNEVYY71KCKfjvSsqiAqaW31qd9uOtMuDTsKAMYI4FRshHY1diGegFGAByVBFLmHEzPMKdqcXBq5LDHI27gVnLd2Umqvpkcu65jj8x0wflX6/jRyXsXFosC6xVfUru1XTrpryJZrYRkyxldwZe4I71LJbYPFRm2YqQVyDwR7U6TQbPJfHUcGt3smpWLy/DJBG0YuJW8sxOfvRqPur169Mehqx9npg8O63Da3NxBMs6NnbasSrscbN5AGehJxyp7VcXX/Bvh6/ukgs40khiZEZ1YmQnO5RngLjHPfoBXK6trlz4mkRJ0XSDa27TRfDAbZpFwiruYgg4O31xwAelcNxUk72XbPeLdbHS7MRQJDb20SEhFGEVevT0rya18QaDo3ixtV02C/ezSIFYI3GwtISCQOmMDgZ6D2rjrrxtfSaPb6ZbX7x2UWVjZQUeQY+UNzknk8dqqWIivdCvr651MJexMI44Gkw03o2euBhhj2/AqedN1H0HrZ1vj3xoviiRoYdYOlaelurGFgzNcOWz0XoVx1Pr9DXjEyzvcSJIpkZ2LAyZHz9yT3/41svIskkd5HbtDGQVI3Y+bPUZP6VWubyCeLEs7suApQg5JHfd2UD61zOcpOx0Yt46s5keNImPDLGMAH0AyeOlZd5MCiiLAccYHf61r30q2ySCyUhZVCsrncxwc+nHNZs2mzCEXLxJEpPJLf3VtBoEQR3SRwyI8UbNIysWZcsMZ4HoKVQqVZjHImSejZ5FKthn3q8Q3HiozF6CrTj5jUe2vVRwJkAhwcmi8r2qQ5HShAJ60wFsGKdVwaIHFUNV1q00dYGuzKPPlEMYjjZyWP06D3pNpdiMLxFrRuFtLRbd4jNetCXdSWXYCRKqqQxUMAPfkVzNz4l086rHa2+ovGlwgif4cCdZC3BUYOVy3II+6evetvxb5dyE1X9mTQ3Fmw8q5kgLSr97KiPuMqD144PHfjNU1A2+hI+m6FeW/xlzFPdSwgDzcDexyOV6jjsPpiuHNJpts0ijPhu5tC1RbP4xdRt9KlLGKPc0bAZDsAVKoSDjIxjH410V14sn1aDRrfS79I7yHazRPhi7Ou0cpwCBnvxjnmsAvHqUE1hD4iiOlS2sskYuLbbcAnOyPOeQxHDdvxq94I8MWlv4jvhCiSfDgxWS3URKmYKN5LA9QQ3bv3xiufHy/aumatI6/w9rU9rpWp3HiGa3t7q0kaJ1aQSKMLlRx94Zzx1PNZngW3hjaDU57S3mGsXJSV4Xz5JYH5cdgTx83IzxXMak2reILS4gupZpryC5khSKGDZ85IZ+mQ2FXOeCcitXR9EuPCUED3eoXNrHFL8TCrXaj4g4GQiYwSAcZIHPbvVqTlJOtL2JUin4c8R6vouhXEFtJJb6ZHdzb7lYQwtk89t7DPU/MvHt+NUbvx3Pf3cyeaYWEO2GdNyukiEEO2OpPOe3IPasCa6udR0m4tbS8Zs308nwZY75NzMVbbgDgYHJJzxxUel2Si2uLv5vLSPAjgcxSZ3YKYYYbPzHAySFrCWTJJ0nodI9I+yLUr/UGuL29uI2VovLAkY72IbqAR0Hc5PWvTRN6Y44r590zXLeysZrW1sZg13ERJECSLctwQnocbfrk9K9S+zYXUuhhnnjuIDjbNk73k/jyO2OB74zXd4+TSgZyS7OuD56mjDjHWgEJz1pGMr3roaBSSD8yhMhzxQ4YdqHcQeamiuSZIJMn3qxBIAfmFU94p95HQ0NWNUjS85ajeQseCKo+Y/rTiZh3qODL+REev/8Acd//APLv/SuJhOPFnhcnvHIv/wClXXa1KW0e+B/8B/8AdNccz7fEfhR/cj84jUSTTQ07To9D6d6cE1B5nFLzsVfEnkixk05Oe9VvOp/NzRxHyLH40S4HU5qr5vvRLLSoLLyShRxSabjrVTzB61V1O/FhYXF2UZxDGXwoyeKlqlZSY2t+ILbQbM3d2W8sHaNgySfYV5yviiU6qj2+p3F/fHG7y7fYTHuyY1yTuI+U4AxkDNYvjTxpbeL5NPsLeJ4XDHzFZiMjjcAR64xmue0gRwXsNzsEgjnysnmBGUZOxkZRkYOPlOT+Ga4sub6tdFro9tsfHkE11cxX1jc2TIR5SSRnfLnPAHrjHtXI+JvtPvSJ7SLyrbzVaJEUF3zkZIZevccdea5vT/EcGs6zMmpCa4nMw330AYGABCAQBgZHGc5AyOK47W9SeKR9t+HieZmgaEbG28gBx27454yanJnk1pgkgDrkl3PKHe1kYMUCy7iyf2u4x6jtg1cXVL+J5I7No5LmRd484A53cfuwfq2OfcGuatGgh1CDF4TJIxaSPaZMDGORg9ieT1Gc44qzcS3lza3MkdvLm1D+ZMsm/IyPuheB1HHT0zWHGmMttZefBhonVdwUMgEZChcYVT0Ixz1+pxzDp9xHlWsXi2xxbpdg3FFBxlmI4B44GRUFleWsuli6lima6ZljQ2+CC3cHJ4wAwwMev1j02y09bq5jubp7ScSMY4gCsTxHkru6ghtw5BxxTji+4ie4Se4tzJMyRJuG4E5fdgkHnORwenrWbcRNLcGWJfJaUspYbipz9e3H6n0ruF8NT3uj6h4hWz0iG1t9rweXIx3YGDGecFtu3g9ee+a5XT9Kk1W6aOAPA5TeiRLy652uijoGOTj8K0UeLoVmzpOiaF4ZWZ/EUdpqHxtl59sELh45eduWGAF9uckdsVwN/JLNuw/yA+oFaOryGx1XyJY5I1tn2bZANyqD0YdM+vvWfq88Tyq8O0xKm3aMDp3+tCfJrQkZYWSMhlB356ilTy3ICqwOWGRgelKttln368Em5vlNR+U/8tabujMcVHlT6V3LMzFYV9zNKkdRTYq9KqEHIFUm4YrWkclmc8XHoB2SNS8jKiKMlmOAB7msLXtbtrOfTbSfUn0ue6ucqNgbzUQ8gnoobjk1p6y0n7NnSC2+KlcbFj2hhkkAEg8EDqR7Vw99r3wWn3Fl4sjiNxZFZbUxfNuXGzzc5ILBjkhuhIHvUZcqWiFBjePfFN9Apl8PXkxaNVE48oeRDGcnzjuGWHG3I4GPWsDUtUsPEOoW1xblbTYzR3imUxTfEMgGY8Kdx27sHAztOegrX8Gafbazd/Fa1EV1CSKJ7SQztvlhAKhdjY3DjJPO459K5LxRZ2ujarcaLOkkiW376ESReazIcsVUj5tvI5Y5ATA6DPLkm65PplxialpZWthBruk2V1BMLmKML5WC7/OqqScYQ4OWA6EFhWnY+HIfs9lvvM1m7d7hVaMCVYkYmQ7dzNwCAOSf5iK4U30Eegi7sJYzqkE6xM0LHEis4IYKAMISF+9zkHpium1PUtTvdIvBrMQSRbeKaVzKoa8mydgQkbTsUcoPQ8nnMQnCr9obizNvf2vpWl/H2Vj8Jp8MYihkuG/ezPLnLKqkgu3XB6DPsK6XxFrt7c+HrlbqCJYbZYmW93HbPJ1RUOByp69ie9PqHiHTvh7TS4dJZ7dtklwliyTNHI3I3oB8pLAHAxznpiuS1/UfFs/wukajBPFazyGO3t3ZRLKTx8o7gEAjgD0qcmVQtJ2HC/Rzvh+7uRPHNf3MtvppupHE0cKsyup+ZmDDBxnODn0xzmpZ7/RI9ZD+XINOs1Z4UDPF5jj5u4yhb8cdM4q34d0yTWvDOuaMLiGORLxWk8+IKAI9xx5rMFXc2V6Z5PXIqvrXh42F5IuqubGVbX4qSCVjOXl6IpJY7gQRyOSDnGKybaimh8bOw0+7tta8RJpkmlNcRxWjme9O3fO21WG9k+RQowATycc9a9K8HSGfSjL8Za3EbuTEluiqIU6BCQTk4GSc55715Dpy+I9X0yC3tbm6dfIgmvXgi2bSFPlkg8NgBdzA4YEcHmvTPA2k3nh7wvci8MO+RjMktsCC+VHOzACnIwAOvXrXdhlszlFnX0zLkdKpeHWu5dDsnvkuEujEPNW4wZN2T1xx+VXJ5ktwhc4DusY+p6V1J2rJpgSssUTyOSEQFmIBOAPYUhCHAI5BGaOV449qSH/SnYB65/4ZrItrTz7SC3u7zdBEilRuKtIEG3JPB+9g+hwvFJyCmaYgUdqfyR/LUkMi3ESTKrhXG4Bxg49xUm2nYUyHyhjpQmHNWNtIrRYUzI1mHGj3xJ/1Dn/ZNcXLj9teEj6yqPzQ132tL/2Pf/8Ay8n+6a4Cc41Hwi3/AOZiH5g1lk7RtD9rPRPKBA4oGjC9hmrO3pQtFu61rZjsrCOgKbetWxCB0peSO4oGrKew54p+RVswgjgUJtznrSpDtlfJ9KqalJbiwuluyPI8pvMB/lxzwak12z83SrkG6a1ULuaVW2lFHJ57cd68U8X+IL6S4vI1u5WtwggCtgqItwIJB55xk9z/AE5fIzLGto1hFyMa/e1fUXQxw3BRFigyShb5m+ZiSMFQOR0/rUUN1cQu8ImhlnvItk0WBIgTv83LBjjovt1qhbpNqurJbLqMSukiKt7KwxEnAyR19eM8/pRwavP4Z1NWdTKrTMpZpVUTAqVypxwcEgnggN615uOHJ8no3brRuQxa1b6fZ+I7KO4s7d4nkgaKbc6MrfMzcAc9geeCTnvyl4Li+hmaG6mYTBncYjGVPL5OMjBPX0PFdZ4g+2LUJo4bPTNNtoY4kZdkqK/m46Hb0UAA8de9cho+oSQmfzLa0jGwEzBmkaMupAyADkHn8cD2rXJGK/YyYt+ypY3EEOLaGxaZkV9x+ZQVA524HJzzkjjBzXY6ZdWln4cOoQ6e0WpTEuJZchERsqzIDwSfmHPTAI71laXNZWFy9zf22pahA7QC0uoY5VW1jDfMx2dMruwOuRV7XtV1HxZ4onu/D1lqer6c8xaIJaOsMgC4X7+ADtwDjHQ460Rha5DfZzTJNrOtavfWNhG0MTxTeTGNmAVC5VB2yAScYyPetnRNF0e4SebVZZpTNEwtvhlZntHGMSF+gwQQwwc+1C/h3W9FunOsQQafdtGFCK6yFUwSqsASABgErzjg96vWOgeF7m2OoeIJL+6lmGEtY7gRqrlQfMYH73YY+UexpprlQMy38WM2hWOkXTGO0iYyjzeSwz1XHOPQfXGKxLy5mguYS96sG8HYx3ZCkdsezY/TNaUvh+zjvNSv7Sy8mztXKmONmYqoAxgnJIHUtwB+lNp3h258RarBbNcK5nDZlMijygBuyxOAAce1ZydyQUq0c7cGaZgwlWVBngL0Poagn8m3LQwINp6uSGJ75Bxx07V2HiPw9HoimwFrbpdqytmEg702jjIJDZ68c8iuSuXhghuEmtAHZgEZGwIxzkY7545z296qL3QdGS0BcM4UBQe9KrMLxOm3fgDp6ZpVrbCz71NyAzc0wuB61DLYsjHOT+NVJY5Im6Niu9QT6M+TRfe5461XkkzyDVQt3OacSgVajRLnYrxBd2stuZJYhIpUyRNtdfcHsa47x/FY6N4VvtjND8XKuQU80SMSNwIPUNjLc5PXmuzWYZ7Vy32l6Vb6x4ckX4dZL1WHwjkkCKTOdzEcBQFOSeAKyzag2lsXZ5v4uOoSeILwRxRzTWkUSoySERQRMnSNWOQSSOR05rH1661/U2065vJo7wJbkplQJCoO10KEc4IIGBzj2paGbexZbrVbAXMmJJovPBMU5AwoXvkEPg42EqO2arS6ewRbaFpr399FLbTvG0DW7P12gncBkckArgA8V5r+rv2WkVJLay1BF+HneCXzQWL/ACgIVYsp7krtGSB/FntitC51hfFltDZJYWdosH7wTQbv4UCkAE5b5FUepODQ2d5Zaj4qgt4I7TTo4BIqrfANiRkwytIevz7ipPAJzxWjpOgXFqkd1pvkzwvM8kDPFsyVU4c8/LtOB6ncAeMiiONvoCNLrUrFZpbW50+wju0EbWiqFBjYBgxxgZGOvYiqHifxHqHirXIryeFfOihSAGJd7bV6Me+7vnrVuCLULzSrjSbtr1JZYmvYo54cRsNpBIGMqQD97kEUSHStGwulut9c2U8Mr3JLCJnGM5GQdhPGeMcg54qXBtVegsw7bS4m8NS6n8cyLcakbVQwYIAihyc9MksByc4yRnnG0l74k8R6TcWbIL2CMqZZyiM6oFwdkjDIf5QPU7ccUHhjUtL1C3vdKvbe9kuG1Oa+t/hpcQBwyY+Rhg4G45YcLxUvi7xbBY3S6X4fmitrWzmeVLm2Rkd933gxP3m6jspHatXCKreiWS6d4z1XRvCumWdjfwrG6FJbSS28wyEyNvL5B7bcAHo1ddoHi6fXNWsLnUxexy6cjeZBEBFBLF13BSRwo569EAry3Skhl1u3imlN1o8d6SoDCFWU9cKx+Td3/v4r2ubzriG10zSksywIuI0t7zYPhcgYfd/pGbnA6cdfXTDKb23oTWzvLbUYbu0huoy3lzosiFuuGGR/WoNUvIhp8rgs7I6ALGy7i4YYXnjPTiqmsjOntbx2xdZx5DYbaIlYY3HHYccDn6VyF5qMNhpOgpZWzyXEF2wjtpR5XxjoNpO5uclsHk5O3rjr2TnQlE6zXrm4tLezvcvcL56tJDFGQCr52scngL1+brjtXOW6/G32mrqNtbTyO5t43kkMYUMfnwoxuztyOTy3U8Vp3b393vY28byXVuoeFyxUKGf92oIxvKk8nuMelcotlcXejQSwajHcSQ3Do8UzrmVXBHlx7gdhOAB05JPasJzl2XxR635WwFVACrwOOPwpuM1n6K90umxfGSK0pUEhTkpwPlJ7kdM/pWJfaR4puL6W4h8Wx2sBJ8u3jsFKovYEs2WPuf0rdSfsTj9jrOKzNVnlh1HRVSRlSa7kjkUHhx5EhAPrgqD+FUNPsdct4ilz4ka6cnIc2Ea4HpjNRapHfxaloDzagsyDUlDJ8OqZDQyjqCauyKNrWf8Aui+/+Xk/3TXnd22JvCb+l1AP1NehavJ/2TeD1t5P90153qDBIPDEn8t3bn/aNZz9M0gu0epFTyccUulKedhIy7uBnGOlQ+Yc55xV8iOJNSwKj85QKdZU74o5MfFBk9MGh3gZBBB9K4b7Sv2+yxT6Pf3sNpGhW5jtJArA5zuPGSMccHivNQNRd/N/amoh8fe+KOSPr6VPyJdj+NvaPVvtK1y70bwzLPZRyltwDyIufLX1J7ZOBn8O9eF6jeWktvNfMGIaSKMoxyFUZyeCCM9PT6Vratq+qizMUuo6hOn3E8+fzEVsjsRn/rUuoeFvEVj4Xk1V9OeztIXKbHjCTMSABIV/lHJ5/wCNed5L5ztG0I0jnrjT7e7lWaJXt4ZQXBQqjzZxxlcHHHJ6DnpWfr9hL8FG1kIbhbgeQsEUm/y9zYyq9QSeMnseOtW0lvbq3Hxot7iAg/LdKWV9voF/iJ4Hrk1f8K+H77XZHXSLVrW38szvc3MvzNJztUBRkFieB6ZrOCfKkD+5yVjdCOzu7cvFcBJPuxxAGVlxnGfugDHIHTOauW1z8JGs8dwkeolgkVuD8pJznjHODhR2PatKwvIdPa60G8trKO2viFlEsR227gY3DHIZTxlT61kWyyaTqkSpMiNH92YKGdlGTyzcLle3oe1bUnsR7F4F8E6XqaMuqPZyTQxpnSrO4by4lJJzMFIV2yTjjgcHJzWf9sfiGXS2TTdOUWyW8XlPKwDKq7eI0U52jpyMZP0Fcnp/jvWPC2pJPzbMF8oBoCFmiblWK/xbf8OKz/G/iy68R35u5pl8wMgIgi2IyRk7X+b5mOGPUADOOa1lNcajohXexQa/PpugGz822nivvmZ5FP8AmzHHzA9RkAD3wOeKq2LfFavaaXPZfEWhuIluIo5QZbgDoFfOVGTzyM8DjFPc6HeaXoGn3M9st6upRiRYQGMoLZESnA2gdCMnOfwr077OfDezw3Jeac8FxqQTybmC8gUSJICCVLfwZIJ5HYccc5rFJytlckkcTgaPHJbJFPZ38kuxotzMigZ3IMkk55znjHHPBrl73ETyGOQyeY+4SAHaOeAO4HUV7J4+8J3Ftpaai10spHmvfPJtG7zGGSFxzgHbkEE4FeMagJ0dpY0drUcBpAFOehAx2x61llhJOmNU0UoL+WGVJZphIikFo26ZHQbe68e1U725OrTlmiCvj+DgN7n0orw28p3p+7YjLADgfTtjrUIkiVNxchmRQFHUnp07UR0tBQMcYijMe1XcAEY6D1pVBM75LqDkcDtkUqtRbCj7Tk+1Dw8xlZbouseCzIuR93J6+g/XitPR/EWmeILdpbGdJcKrMmfmXIBGR+OPqDXzO5dgjhwGdd2Om5ccHH0/HmvUfseNovxsEEZjkEMbSNuzu5P5f9fXjfDk5ypqiVJnpsip1xRHT96Ajqai2gfxmrUc+1AuTXVbS0JRTeyjNYSw84yPavNvF/im7h1i70SSTT006a2IF05f9zIVbiQqeMkYPYDrXql9q9ppNhPf39wsFtbr5kkjdFUV4Auq6PH4iudU0jSdR1W0uTIjrcTN5TTOxZegz0HAznJ9q58uZqkDxq9Dan4c1DT7SL9s3Au2mtWW3toZV2B1QuzBjn5BkHjrntVt5tS0TTpY7++0+R74t5ltIVXblVzukJ3hSDxtJGcDpnHSeO7TTJ/CSRW9lHDDHavOvmxkFCMcDJD7i+MevfgVWXULNdLtdQsoIZJLlZI3vym8QzKq7YypX/Rlck4zg985NTSVpMVHlVxb2dvqztapDb2t2oU2zXAmaEsMjlT2wOvQ9a2fCuvy6ftM8t1aWdtC4jRHwmdwbnhs+7KB78V0vjWfSZTorG2htyLhgWij+SSIxMQysAAFckEKeec8d+X1PWrHw9PdadBpsVzehTFM86kxbiMOgizgDgjdnODxjtjJODtMrs2k8aX13rDS6wlwLQRNGgiXDYbpG7qBlM4yAByR0FUNL1yw0UQxkWlyZYJEmt5ITukYtuUs+OmR8vcc881j6p4hTVdP0+zt7MWS2m4mYy4ODyyk9cdQB1xgZNZ00sV3Iklst3KkUQBRUGcDGSdvQYPWsZ5Hdx2yKItI1670eO5WzuHtpprjfhSByD0z1PUjrz3zVK/v7iO8Z5ZTcOWJbcuR6Z9OP7qhN9ApkLRxsHY4IHbPY9u1HYXcBJVDtcEIjO4CoxzyeM45/ClTb2VQTmCCeYhJJolfakkEg8vO0H07/hXWeGtTv9Jni1i4u2aRGDEuSxyBgZLZxjp/wrCh0/4h9SbT1eKALG0gduEDYB79CQSMZOAK0bLS9Q1XSzd2CSOlsSHcsERf5QM9eT15xwOppu09A1Z7Dp3jh/EA0+O3e5t7yLEk0EZU+bggMCO6EEnPBGPesjxbqGpWU813cx3Vkj3m213sWjjHAMhwMZOT3x0AHBrivC9zbaBqG6+mnjie1kJWF9ol/stjnGefrjtxWhe/aCkc95aTT3N9ZzR7QUG1nwMxhg2QQrZyQOQc9QK3/UKUfq7JpnTnXtU0/VfhkubS4iASZmhh8rg9C4P8XyYyMdvejltruGB5Lv4E3bh1kHnLKtq7pneysBtbDbODjDjHSvL4tStVsjE7z7VYvFCJTw5UkvnoegHrg8d62fAmt6Tp/iK3ur/cEP3pGLN5YPTA5ztOMnrgHFKGa2kwao9r8L6VJo+kRwy3U00shMrmXGVLc7eCRgdODWuCO7Vh6N4psta+LniaGKxgmaCO4kmUCZlGWKj+UDv7H0pJ4w8Py3s9mNVtllg++WbCH6MeCfpXoRcUuyTeDBR15rK8RSjzNEkBICarACB33B1/vq7a3FvewLPbTJPE+drxtuVsHHB+tc94m1rSpI7COHU7J5Y9Ws9yLcISv73ByM9s0wR0OqS7tMux/wDAf/dNefaudulaE38txAf9uu11qRBpdyVmRswycqwP8Jride/93dJcfwyw/wC/WeQ0h0emPIC5+ppxIuMVEUJcjnrReQwGcGtaRmmxy4Y+lV7y8isLWW5kDMsYztXq3sKm8vP8X6VgalrVsmsvoNwjJ50H+kckKxbAUccgZON3Y0Wl7A4E+Lb5ftCMSyzvbyXSFoWPAjZVGDjpxjjHbnrXUf5FaNf+N7bU4FuJIZbU3K2yyn4d2zgNsx0xzt6Z7V5X4huZbXxJ8WrtHLbLuMzZLeag2jP4jIPTGOwrp9M8TzWcN3qDx7IZNtvGJiSWRkOCQDxzzxjNcayJXyNEndHqj+G7K51eDVDb/wCcQiQDGAhL4DMw7nAwD2Fct9pP2hWEGkHR7J4dS+NDJNl8rjkY785API9DXP2fj3Xl0iwt4lCWNqwtpJg3+lcg5BJ5OMk8DjvXN+NYtO07TtPt9KvbZ5zH/nEyzfu3Y5G4E856/KfQemaieblH6FopKjmbMRpFC00KmSFyu0M3BHzZKDqQeldP5FtHdEadqt1ZiExXsj3gCSXEgXcqkKQvzfyqOK5fSIE8QXaQrdNFDEMygkCRkyASAeXPU4HJOBmvQrzxp4cTSbCGbS7tTp42Ws8DbSzpgYJIGOwO4Zznr3zx4/b0EnujnrPR4be503XfEsck82ouUF07gRgeoC/xYHGe3OK5bxVNbCYXmkRrZxRQeXF8QymS525ZnY5+8QeCAAcYHNb3iXxxbtE+meG9J/Z6Xbb5Hiz5ayNjcvIJwMnATHWuK1vRZ1hja5meWWSRVnyoRI8DCqoPO7AH655q5cV2NFw+elkks8Pm+YuzzHXJQ4GQMnI9O3B4xUEVnc30gNupMyI5YI+AqAcHH49P0rpNR8NxJ4asNc0W9dJZ5Ql3YrbDYGQZVgOcMBwTjDcnnnNC2lsraGcfDJeMzKWk2bZXXHzR8ep9O1ZS+mVNj7Wjs9P8MeM1sNNt49JcW9qYrtReXGweYACCxDbgw5G3BwBjHrJp32hLa+ILvUFkS8iSNImjtY3iiMrA7ppCeMZwAx5I44qv478fjWtNsdK0yxmsREwEksjZGBwqrg8528nnocetcnYRw2RCXF6biC5nCXFtbuQ82W6kdxjPU963eXi6g7MlG1bOs1zx9rXiKBJd1pYrYK8zrHIyuzY6DtxnjkHv2rzDVJZZ4gXm3IhKjnIwMcfWu7HhVJtLfUbOGFI5JXhmDHK7QSeFHJIGOFDcDJOQa5LxFFYWsxNrO1wRGisWjAVm2jJXGOM9MjPryawyttpyHE5knykMzMNg42Z5apDkqHWAOCvG0849alS3ieRN0bSOAB7q3X1q07Yjk2YXbxvJwB6Ck5F2UIcFGkf5SGwC3/PNKgYtIq7iTkcD1pU+IHfftKZ4kf70kaBRk/dJHUn/AJ61r+G9d/YRnjnkllFwVLkSbV8sHO3H1APvj3rnIpI2glSFVXBIK5zn/D6VGSyZjlbAGT93IA7Vlzkn9LCj6I8N/aRp/iTU00+C1uIpmhaUs2CgIP3c/TnNdJqWrW2k2Ut7e3CQ28Qy7t0HoK+atD1mbw7qFrqMPktJCwYbslec8Edsj+70rQ1zxvqviWXytQMjW+9ZPKUARoQOChz3BOeTXdDyPo+rshxfo9Mtvtl0e/ZbW4sLqESsscnmbWRA3UsfQDBxjnNc4uvaVpz3VxpdvqAsTcSPKrRKfKYqV37TyPmIPy9gMnjA85ku4hMzQsAHYkqckj/HHArQsfE2qRxLb/G+TaqMxAncE6nK5BKk5PI9TXO/I5O2g4s6LWorkaHAbq6t76GG0yx89svMSSFDE8svJx1+bnJ6HH4hXU9Lu7WONQ0E4kto44TtZ2zvCMACvb73oScniuY8Q+JF1CyeC2tks4vMaUxw/KpYgA/KB+PbH50Ph67ng8xbfNtG2UedIdzjdheGIIXqOvp604y5PQ60P4x1V7I2VpZ3LnTSGuIBE52hm4c4PO7ORk8nHauXknkkkZt8kpbLMTknJPUnvVzV3uU1Oe1nuEmkhkZGdDuVmz8zBj1zjrVO0WMP5it5gJ4CttwamdIrpGhbQmaPymb5d25scbvqf6fWtnQdUXw5rKahamNpOI1DDJC55APqRx+dc8P3W4+blS3U9aJ7zLAI2ATnrnFc8ZPlaIex9KittS1OWO4tlbfdufMkYj5CDhT3+93HNT2dlJY3NzNaxRyJalgfNQOrKM44PcnpjFZkTtbysYTucsX3HjjJq7b6266cbKGNvOMrSmXzSA2R/EO5HY5wOeM1vysbsvWfmzX9xayQQhriRPMZiCFAAOAewwMZzjBxWpN4hhgmlt9KjmgsnG0QysC0mQRlj04zx/dXOxXJtS2woAw4KtuB6jr3obp2uFd1HmbIyWcnjHbjsc0k2x+zY1PWVn0xbPeGcMG3MMbQBgAH0559cCsN379D1yeearQXLTttJwV4PrUrOYo8BixB+bjGaznF3skaRtsfL9OuPf8ApRQ3ZCNGZAqr27f9aqs7NIAuMEcHPWpWTy48qA4GR/xo4emOjTjl+IVIjM3lY3L83H4LTicHCOhUY2rnsaym1DZsVFALHIx2q3O+NkpjL4GSc5/ShwerJaO08DeP73wtci0ldpNOZt0kRXOO2V9DXouoX2ja74WtNUtbGzjZNQshInkoGiPxCAg4HQg/iDXhAImKPGcOP4cdPaui0TX2sLaWy2Blubi0BdmI8vZOjZx3ziunBncWoSJr7Hs3itrS30ed0tbfz2/dr+6UHcTjj6DJ/CsTxCR/klYuP4XQ/wC3U3ikMlzdrGm5TOzZljYtny2JKHp2wR04zVfxB/7lW7Z+7g/k9dknZpHo9STaDn15o2YMhGetZOn3wu3udkodIzGBt/hygJH61b3GtKM+VB7zGckV539pupGx1bT5re1HxLW74nY8bUdWK468dffpzXoOGbAx1rxP7RdftdR11orSeaWC3jlM6E4KSkiNlGR93av0y2e9RlqvyCbMT7Qju1Gx1MXHnHU7MTzDaFKPypHHpg4odDuJ4/CVy+XK/ExLEd5BAOemPftXP6jMZ7pJLieWaEspPGCCMZCg+3riulsdQivPDuoyvHmKK8g+RR5Yxz09OxrhydtmkClHPfLG5dUhwS8aPkNKxb5uewwOvuao6rcILh2nbJeMqjpGdsZOfvevHGRUtjLMXD20m7CF5FfkLkkDBzyOP61NNdC5gliuJUW4MvwmEVdgbfgkBjnJAP0rFKLjfs1MiTUYBp1vEbaLEEg/fRxhpGUD5eh+UZBPuST61jyi+1iNNOs57mV5pcw2MIzl8ZxjscEknOOPati9vxK97p0Fq0mflQq4GSMKGYjlvlBHB6kmtC00WHTfD1pd7pVu7gFkmDYwmSphTuzdG3EYAxjNaxk+2R0avh6ytdE0JNV1fRPPM8bNDqtjK6PFMpKhN6sCoDYGADnrk9RX8UaRN4Wv7bdFBHbT258qXLSGYgAHO4cMSNxz659K3tN1N7t/N1jSWv7LTrd28qeQtGuPk3kA84DYGMctn0rJ8VagdUtLa30ay22VjDL5aRu7eW7EFny+crtGOenYCqnODiCTNL7PRp2tXdtb67LM2VVkiSZlEMoOMseOueM8nccVf+0f7PtA8PaXDdwxXJkeXl3mC5yuCQcg7uM8DGOvvx3g2BroSXF7JEtrCVmLzGQCWZVwoRl/i/pzUmu32pajc2Buw9wttH5CteMxLleRlB0Occgc4BNKTgo77FuzEkmn0yF4lu/NVnDhLiPzZQQANhboeO/QCodKiSC3nnuBKs5DMpx8pDdML1yOfz4rVZUSE3NzI8xmbzHIYHcy4B6nO7ORVO+kNss0lypYP84SI7sDONvByvYHqPTFc930UY19rE+FtY5JZEiOYwctge2eg69KqP5gvBGyhJlJyM5x7+lXru9juo41GGmbCxxqPmjj6n5ux9vSqNxIBIcWkeIwSJCSGOe59auMRUVmMmcxSSkZIDr90nHTPTp2qlcLOhaMAuASN4BxWreeJtTuIAjz7gIzCpCDKJxkLgYXOPmPVu5qimuzNbLbtDGyIu3Krt+Xnrjrzzz6DpW6jQIpyTPJGkTkKFzgmlWhbvbRTyGfMwxkLFjnpjqD70qtUO/wdZ5yuiyJtXcecLzj1+tQsxdXZN5QDKIBzUC5jco5MgwOB69/+ldHpvgvWNThEscUSxlflLSYOeMZHYfrx0rlw+PPI6xqzGeaGNXN0Y95fS+S4aaRQxTcp537eQB9KzZb1y5G15Q4KkuMDPpjp6flXeL9mOtvjzhaSYIwdxyB+VI/ZLrUpZmktivJCs7YB/LpXoR8DyK+qDMP4j43XNHEC7bKv5hQMMMMcKfXJqzGFwhDMwJyNi5rfX7P7qxlKNNboVxvDSM+045wAOR6frWX+zzFcyxSSBtnTZkDg1zeR42SO5KjaPk45/tZRnKm3kycHHGOeCelbd1bX3hmVTFc3MCzb1kCNkEBsYIHDAn19O3FZlxZGbeiMQducMRgjPFdNqkZndW1C7uoTI/CeXyMEkg479fyNed5OSWHi/z/AEOrClkujloIVbZHcluQSXj6YA6jIq5Z6FDKryeVeSLs3Dav9rBx6DOT6mpLt7Z7lCk801qD93Z8wXjIxxwTWtaMltafFQ3t4YMID5cOZT8/f2wMZzjHFcmbycnFOPs2WNXTMnxBolnpQtGhZ2E3mbjId2dpAHGBjrWDJNlgqIgx6dB/xrq/FrhhZpvkdIhIu6RTgn5c8nqciudTTHviBEURs4Zdo7nrXX40uUYuX2RhLG3OooyreQsZSr9CeCc1OpTzOhyOp9DUtjpUl080a7YliYq7noevPv0q/a+GZJLV3+Kt1Kg7Q2Qx9OO9dboawzauiqw8+ffjepBA2jvkc1EU2CWNmLc5wp54/rUiJunQR/ewQewJHQ0CFS5ZgdxGGzWab6M2vuVLVdkw3NjjJVRkirc7oGBB3YJHXoKC3HnbnUbOTkHn9aKaIGHzV4+Y4HUmnOVvYiAylTxjHrinYoz78YzjODwfrTRwtIu5ioGcYOcmobmC5WR44m89VXc8sKsVQe5xx2rWMbHRajFux2yB9ueNo6D61PCWhTZISVOQM+lZcTurDCoRxkZ+8PWr8Ti43JIFAHQr2NEo0Sw42Ay0QJbP8XBP/GlK52F8EHcNy56nIOajtoZYmEe0N6sT1H1o58G0mJwoPI3deDU9PQJHrjaneazDY3skczXE1vMu1mUJHGNpUAEDOcnkkkZrZ13nwNH3wv8A9wri9HuJZLS1ErKyR2yKu8KQgY5xyM9hXa6wN3gZfoeP/qFa4PIWXlXqjoyYfjS/J2GhXRnM7sTuYQZBH3T5QyP61opexSSFEYsVIVvlIxnP+FeT+E/tGsrJbi1uZpfNBjSMyOTyqFTlj2JOR6dK1fD/ANoVpfyStdzPE4uA+6VwcqA3AHbr29B1rt+WOlZx8WdR448XHwno5u4UjlumIEcbtgdRliAc4Ht3IrwnVb2LVbeSYOsVzA7XHOEWSP7xT1LE9B3612/2i61H4l0i3ubIurwRsJ0BwfKYgnPryBx06V5aoMd1G0U3lSsGBL9FPOBnHcYrny5eUuKGkRySm6TdubczF8npk9q6fwrKs3hDWTLK0SieHc4GSODnHv2rjvmAyzcHrj1rqPDzg+AdZwmGE0JY5+8S1ZVplxVMrXl6lzJpywrtuZbiON4kz9xSNoY9+CO3aqOrW80+uXgliHki6lwFO07fMODn0zzn1otMhjuNYs7mV2g8p443dU3K2GAH5+tN4n1VRqWtWUiSS3LO0MLs4CxqXO5SO/qKz46pGl2Wpo7fS7W1lniDTTOx8yN8Oo5GzBHA9T0NUH1KdruCaeIh7dlEckm4xhV5xweh9veqFvcTwlVj2NcnbEpZcjqOmfy/GtAnEc5luxutUKiN1ULwcbRyec5/D60uLirEzRsbea+nvb1tTe1kuHI+HRW288gH0HPA9Aauec/mTrJK8scKl0Y5VN467B3znPPp36VSdh+zCNvkSRxlijoD5inBJO3kE7uPpUGlKZfNZ2txBGSvmyguSSM9fpxz0rKSb2ykjUlnFrpyPal1QFti8MxBb7wAweTx+PFZja1OmowrLHNp8kSkySI/zuWH3jzwMdAKk+PeOeSSy+HiWB/LLSABI2A+R8nJI69Oprnw9099JPJM5Eyn/OLiHcJc8HA6fj9KcIe2K0WbO8S+vFjggKAz7lctzgck57E9SabUb0rdiYhFtwQrMSQVBGOCOvH+FWJ7Wwt4I0ZRFMQhVon37cruPOe/p74qaG1mjRCZQ8gJ2jG5SOOOeP8Anvmm5JOx0YOkM0UsyGQfDydS8eD14YZ6dv0q9NaW8kZASRnY4aV2yCBjnj+lXJZDgzmYtKyjKZJY4z0PbnH49hULMZAzyISsfOHwN+OCvBI44/5zSlNy2hGPNbiFim75V4+UED61VlhCKZPmZTjAAAB9/etTVoviYbeYy58z+U5VQB0xnjntWVcWlzBCJfJZYj90lxz7gdTWuPfsVEPKOxzsz12jNKopDO4GEAHfoT7Uq3oKO7uIRDOSpxGDmTeeB7Z/Ct+w+1OKygSJdNib3N1j/wC2uQkukS/uo5AdjFVOB0wM4HboK6NREybAgQg+nSunw888Cbx6s5PJ8TFmpZFdGuftfUf/AMrtx9b3/wD5pL9sDBsfsy35/wDzvH+7VSxsop7aRmhWQA7SduT9ahXSJLC4W6iiZ4M8/IRge4rs/iXkfc4/4T4n+j/tlq38bftjUpWEdtBJICFhaYkOQucg45wM8VlRFpL678z5mWJ3Yp0GOfyp9XVZmv7ayhTbPFH5buP9CASTz27j6VS0EPG88UpUsLZwcdMha5vIzSywuX3OiOCGNKMOiRjibOMjyuDjpz616Vf6Hq948ktlp9oITu8uVb5wXOB8xHO05LAjgZBzjjPmki7pGGSMxn8MGu+1KbwxFJMt3p+uXBO+SSSGVViZ9q+ZtBYdMdcdR71xrHGaamrNsEmujAOmat+3LeKa0tblorcuRKzNE4RgJDuHJwSAQPcYrptBitrqQxaha6ItvZ2jTr5CsTt6g5JwRjr6HHfiqWu+GdPbXYtPsTe20CxSzzvMjPhAVJKjqQSBzwO/auz0XwlpSxQ3Nq9y1myfLFIfldS28A9ymcEDofpRHDHpR/8ADonOVLj2eceNIJntNH86OGK5lWeYxCIqEViuxT6nAz7ZArDtrOZ7tGPBDgsVG38v7x716X9ptl8TdaTmXy0Am3HeFPOw+5P4AmuXs7ey024uN9oJTHCGEc0zDMhkAwGX+ySfpjpXJlivl4RO7xsSWNTl6OT0gwgXckzgI7lWDDIIDsMfiMVpzKttCXjHyKOBk4IqSxtYbGS4gS1jk81mlDSyEiPLk7QBjPXGT2rrvs/itrzWpYLmwS4VY8BZYww5B6Zqp4pcl+TTH5EfjaPLPLAkVl27RnoentUZ3ZJ3AHPB65r1v7V9JtLOK0mt7C2t2LgHyogvG2Trgc/9PSvH5opyUxG7c8kIRiocadNnnyX2J7S3CCWO3QHI556AkHNbNhpNm/h+O+uQhcxz5G9y6uCQh2gYwSMZz65FSeFNDNxDJqF7EDp3mKNjttecqeVB67R/F9AOvTQ1DU3trW5XRbh7aGRGWe0KgjaeW2HGQvPK8Y6+uFzgp8G9j+KXHn6OVURrEAxCsMnbiqN9EI5pHR5tpOWG7IP4ZrQtxlThDjB5zVPV4XSNrlJN2SMq3b6UYnUqfsgosxU7XHA6fLnH5dakjuOCQwHIyQMZHpUdpp1/MA8VpeSowJBSJmU/iBVqLSNT2EHS7/jni2f/AArsaFQULkzDBPygdPT1qSZPMgeMNuLKflHbn/CmmsLu0kR7m0uIFKjHmRMmT14z1okkyrbWDLjIwOn+NZKDlkUYlQjbo3LGbU4po1hkwIWQE/L07Aj6E16zqfzeCDx0D/7wrwyMk3UZyMFlPoCcivdL0E+DJAc8K/8AUVvCEIpqKp+ypSk5VJ3R4zMZkvLjynYDecqoP0pxI6OfL4bn8B6VJePJDM7ruUEtyvQnccVJp9i9ws07EqifynknHauacHJ0hNasiubl5FjzuAPUE+9ZTxyyXEcUYO+RtiEnGSeK1NUtZLORIjlgRkNmq1oJJ9TsXUKQsyk4PPWoxpxlTIqg4fC+rvHHIsMQRwCCJQM5rpNH0PUIPCOvWkqRiedoTGA4wcH17VqWTEafaHc20xoQcjHStW23Gwvxh8qI+MgkfMa61Hspdnn8QvtFvbK2uEiCzToeCGJw44B7DkGsrxNZefruqyMYz5d3IFy2GOGPAH411Gtq7a3o86MQFuQhY4O1iy4z9Rmmv9PtW1i/dgoDSTs/kEb8DJIIbPUfTpVY/HlNScfRnLIo0mc94X0ddX1lLV1Kbf3pKct8pB/5NV9WspI9evbbAB+JbaEGd2WJwPzra8EgJrT+UR/7LLgE/dHHOe2Kra9qMdp4zupreNHRLgptfpuPDEfjzWTetGsYrjfsralF8PaNBahzPNtRxncQFJBz9fl+lWIGgs9NjhVNrthmAY/MykjDHOBkj9Biql1d22ntcn4ZbnExin8yQkFwWwQO3Q4HotPI8TaXZRz+WhvSxBRPuhTjI7A8Y+lZcXVDJv2XFZ3DoryJcsxKvKoaMjAJzkYOMkAj096G+bDG1EC+UfnjYAhiAvQkDoRk/jWhcWrvpFjexD4sSPNAfNyTIq4Clh9Dn1zWTqfmLObqWNoy4Uja3CkADBzzjj3puDSuhN0Sn4g2ULGJjDEwkUbeC2f4uvGBmgF7bSyeXI8iNjJ2DGMnrnr1J4qgmqQvNIY5mg2KQCF3LJnqGB6/WittS0+xlLJbPKXBDuWIPI+6M9hxgnkVnHFKtoSYcEc9zORGJCRtyRnJx2GehJ44PJ6Urq5gZ2WciGQhcqwIxj0J9etUZ9UluCqJuUA5RVY/KenHqf8AE1XtZWubw/EMXJQjLjd06Vr8T7YNmgl7aiEQTSQNHuzj7xHv9eTWTfSfF3V3JvLJkbSfTtir8kkEdnOqpDuYMBlAW/D0/rWVHKiNcbl3k7cKSQDz61eOK7BBW+UkBVmBHfNKnS4beNsMC59iT+ppVsB2+v25vGlmf90ZJAXO7eOcH8akTwkXQH4+JfYQMD/vVJrMWpJppmuLYWsSENIBjHACrVmDW/CEmnuBql1bXfl4UyPlN/4KeOvau3wYYvjbmrZyeW8nJKDojj8HOqBf2sVU/wDwW/8A96OPwbgf97Ngdzb5/q9RWM+nagHSDxNG86nhAcDb3YsYwFA46+tbtkvh23tdt/rVpc3JY/6LVI0GO3Yf0rrrx/8AT/n8zm+LyntS/wA/kcotoIdTdBdSTIiEk7dgPPcA89e9RafMU1C52ENlHXPqOhrd0K0VNQlvFv8ASHVo2MSDUIt+7+EHJrCbw94qsLy8u59IeWOT51NrNC+1T7AnPHpXN5cYJVj6OjFizSj9a2vZLJkMSOpVh+or1jVYtL1SCziubzUrdI7ZY5I7UoqtuUbjypJPOM5FeDTeJ0ieQOs+5CV4CnP9K96i1SFbW0lbwjqt+yWsDm5ijXY2IlORlucfTqK4I2dXi+PK2vwVtRktIvH9xDc21y0c1gIVQOT5zMcdAwwpxjHHNdNb2MMVtBGNKlYhcFI5dqx46fKXIAP1NcJp/iq08ReLm1Gx8N3V4XtMNbHYJC27/SnPGMYFdWms6rao7Wvge7gO0gt58K8AZ5+nWrjJLs6I+POSuNfzX9zD+04T3L6Q7I1ttd9wdgTtJTJyPSuOupYEvvkmdEklHkxBchsgnk9QcbfyrpvG0t/rvhzSL++s3sJwzlo+PnUheRnlc46Hmsu7stDGnx3FteTy3abXEflquC2BhuucDjjniuaUVLLyLknixuDKan/Pm90/voIJb2Ca+eOW4gjeS1jWSPKHBchgHH17Vaht5kvxK1rMybCP9Gev0NRyym9ilSPUrZEilDpayCNdpDBh833uxz9aXkrnjfHsyxS4zTYGqwyG+0+F3vZo3l+aSW6lfB9Bk8HvnrVW+1abw1q8Mbyzz6fen5ULl3hfgHGeSDkcUGq6x5WoW0UvwyyxHzQUkZlx6E9P7xVqC2hn1iS+u5YJ7uMCOKONvlhXJ5GeuSD81fNrxvIUF80W1Ttd79f/AE9Z5cTk+DopTvq1pe3dnPcSCykkV2GQRjoNpP8AFtPTIBwBUV/dsumiygDi1zueUAj4ls8Fs8hB2Hc5J7V0P7Ct75pZZVmdJFPPn4RVznI4xz9TVq20mG106RJUkmjdQrJ5iMB1APt/wr6CGDrlXKl/ueRKe2vRydh4W1i60o6jBYTNaBZHabICKE+91/5PbpVi5+zbxXqlk11p+km6tJ+Y3jkjJx0Pykg/pXpmsXtra+BbnT9Onht2gtDAsTYy2cDO08nOSeO5NbfhS4l/YWlPJMkhW0QMEAO6Tbzk+ua2WFRkSkmrLWha9YaXbadpE88iS29nGkqhW3RkIAAVA7/Xirl54hsJmltEuX/exFY2fcpdyDxgj9Sea4HxDqGlRao0st/fEyg+QLWFJhKQCcEt6AAZ5H5GuatPFU4klW7ubGIIVCmSKRtrYxg4Ybe/auhJPZLTTK2pDVNaki0/zrmcrGzhLvPGRjIDD9RXN6tomqWem3NwbOSNYVJkYRgCJgOgOf61vSWlvpdlBdWW6yG828oO4hxgEOpbJ5754rDvNVuprS+thOrwvvGGfcW3DBb9acsKk9elZmpSjIPwrYyyXpdohJGYQWLc5JA6H8QTXsE/zeC5V6/LJ/dXmfhueWy0e/Ms1tH5Mh8pXViH8tAuM8D5sqAM7uDxXpvB8GzAekn9K5MWOccmST6dV/2dUmuKXvZ54miHUhIrxkqi+b6dRxyPzqCxj2SnTok2lnMYZnyWOM5x+nFW7TWbmOS6t4mbKwq6kLkKApHP41Jqmly2uqRTWIlLH5kbC7g4X+cZ5zziuTD+oWecsr+n1RvkWJ4koLfszvEfh/UVd5ZbORvK+QFSNoO7H45rR8G+DYL+3vJLxJYbqAb7czYETMOwyRlunOSB6Go72XX7iPyrm9uXgVt75kwsjknJIxnr34rD1DVLOxC288RecbjvVWlCg5564HPPvXVxTd2YKEb+o6PwnNY35g0+Z8tsG1fLb72OQDj2P/Jrp5Rpwt7uSyE8duyIx3Hc/wArYPYZ/KvL9J8Q2NrOstwYrhbdI0VANpGCQffoTnHauvs/Edlf6Rrt3Z2WnpDbxKzKkkkqS85+fdz07DtWfzZPlcOLr/iv7lLGuKdmnJotkTE8KRzHh2ZmBGVdemB1B+mMVmXAtI5dTlFkjSFXdmZRhstIDz15xU2j+LbDUbazdp7eCWePaI1UopJkGAoJ9uM1FdcRas8hAjWGTkkdfMlrpU5KDa1aI4RbSZR0/TtNtYzf2dt5TXNpPAyOchAEbJX8V/Kua13RbmXxRqVzHzBHdljhQemCR7V0UNzE2jxJGQXjt7gkJyfut/jVnWdOCTapL5yQmRmkVXDFpGIHT26c1nCX0pyCSTk0jiNWgimF7O/+tullEXoCG6/mf0oNRn+F0/w/e7CywtMxUcdJCRVue2n+68SXYBB2oxA+vOPWrF/aJc6Np6S20kXyzYRAMKQ+Rke5rGOVqTtGd7MK+8W3NykghTyI3THPLD1OfX0rN0/yrp3MzSk/zPJkmtaLQI5tDnvLkSLdIrOcv0x2xj265rMslUQsvl/MABnqD+IreU9OgadbBuWETKqwqhxuYHJHPQjn0orPdK8uQg2Qu/CDggcVXlUrJz/EoNXNMUlb1wuQlrISf5c7Vz+v61pHollTz5iu0ycH0UD+6mslJuVwwX5GJLdAKYjp9Ka1KNcxq5wpVhwPeiXQ0W5rVUtZ5P3Z25wwHOfY1nqo3XIIGQEI49xV67C+RMyEhcsBnnPpVJcGS6y2DhMD15FRj6GKBcyAUqO3wJVz70q1A9U8S+JYoNMMkEcDHzEGJE3qR34ridS1v4+5afFim5FBEcAjTgfyj+veuik0WUwSW/nbo3GCpPFc1D4Bl09Zbu5mSeOFd6qNwGRzz+gqccpNfUqHpmrpnh+11CCJdUEKjAdo4/lDOehJ7hR+pNVdZ8N6TEwNjEyRk8kSZJ9cd/ypk1y9cmTZ5ZYcqECjOPari6lZs0Ukt1fJLtClhAMk5yV+lKebgrcW/wDZWepm8TBScMn/AJ/cni0vw/fMouUt0KRhd3lGLzDjucV0PhR4NKvWsomMtr+88sEg4B5AH45x/wAK5i61+QEpamSQFfvPCVIOew9MYp7XxK8Hw9xv/wA9imxteIqsiEdS5OAAcYXHc804eR1Kn/I0x+HgjCT+W7T/AM7Mz7StGt/8oHfSURzcxi4khjZW8p8Yce3Izj3r3rw7LqreF9L8qHLC0hLBwqqECdFbqSRjr0PpXlB8QaZcz3N1e6PBJLOo3SoxVgMdjjAHfIx+Ne2eHpY5vDmnSQnMb2cbIeny7BitLu6PMyY+GjzPwLpcn+WU1zbyzCWTSWKsGA2tu2g89uB616PLaazJOdlwqQhtyjf82AQNp46kAnPIyTx6cR9m8o/ym2klidLOD6fvia9OzmpxN8UZz7POPtGW/t7a0W7uFk852KbScxlQoP1BGD9Sa86bWpvD13bzxTSRpM/lzPwfkHPcHjrwOenNepfafKsUuhF1DK88yEHocxj/AArz3xXarf6Lcw2to81xhWhwgGDnnGTxxmsvjbnysL0jQs/Eei3M6C2lubkGTCko5diPm9PSuQ1s63sM9zIIIYwIlb4QRgKCQucdT7nk1jRafdz2/kxpch4pv3nkLudflx0yO/vSl0W+kXDHXHGOjW4I/wB+pxYPjf0PRTlf7jat7ttSED3EtvL5dwhXyE2KhVOBj9alutRI02UrbIkIKmRwfLySeBnr3PPfNZ+i2dxYRwxzRTjdclm82PaQu3A4ya07LQ7jUbDULLVYnjWeWNoXiwGVUzjI6c/41olbHOcpbb2a+m+PLVrBbXyLJYo12BLi9OTjB7qcin1bxpbNbvp81tlpACTBeKp45APye+cfQ1Stfs10eGN0uxckOQVeWTYyDHQBeoPrihfwXoWor8TcfG+a2VbZIAMD5R1B7AU3C582QpNdAt4hk1F4Fu4mk2hYoi7fcz0bI6kDjnj2rRtvthbw2TpkGn2QS3c5y7AsxOSx9yTzWfB4Ts9JRZYb69kSEEiJwu1ie5x9a1V0+2niVpJZ/mHK/IQPzWq3zHejnr3XL7VvDkVvDCLohyUhjQs6puJyfbnHSq0FvrCWewaVZBXBO2RcOM9ck8g+1dTpGgaTo0pmtluBJs8sM0uflznHT1rQeaTpFIiDHeMsR+Zx+lNx/AuTezgrGDUTdfAS200Sz4XMWZEUZPOScDv3FaU/gu4ghedZJQI13ndGoBA56766CaO9lk3nVp14I2ogUc/Q1Tn0rzd27UGZsYO9cn+tQ8ko9Il1ZUhtzLZ3E0l/iNJJSLI8q8hIw4HYj1r12LB8IzAf/E/pXkdhp/xgaTz9hErHbsznnOetes2T7/Cso68uP9k0Y5ScXaKf7jyuSeS2ubgo5HmIEODyR/hVxdXupj8lxJiMM4P8px16UEmmvOxlSULu/sk1RutmnqxmlRg424Huea5ZqfLYWWJry4m5lvjkHjcD36mpLa2uLogxiSX+0QNv6irmlx2giSVbcsWGdx5/IVrxXCuwURye3FEfHb2y0o+2Zlp4V01YTFc6bYupOdoQg578g1sabpOnWFhqEFrY28ELxKZI0Bw/zd8n04o51ktofNk2IrHCgNlm/DHFXYLOWC0uTLtTzrcEBjyvzDr6da6YxoqXGtGbb2GnR3EXladAjCRSpUdDnrWlbWi3BuEZVMbMyvwctkk4+nOc1Us72KGYRiEO7uED7uAM9qkj1oWryJ5JbDlSd3oT7U4xSFOO/pCPhbSFIYWoBxj77f40+taQdStnEREcxxhz3Hp+NF/lBHgFoG57bu35VDb62I4AkxaaQZy4UJnnjj6YH4UcI1SJUZHJt4U1oyqDB8qE4/fAVduPDt/c2ttbGJTJCH3gycDc3H1rqrS7Oqs0cETBkG4nzADjPvUM97DaX0tvcTtHNsUlVw7YPQnHSs/isG67PP8AxBYXXh3RJviYysdwTBGFbedzKTz7cHmuSgudkAKD90AMkjp7Ad/xr1LxjHYapos4lmmmMCmWJApUBwpAJ4968niLNAFYCQAfKAMnFS4UiZu6I5ZEkRXRvv7mK4A2/wDPWrumXDR2OqQCOMiW3yzkHcu114Bzxknn6VlRoVD5BByTj0rQsnSK2vd5O6WDZGAucnepP04BreNJEMqt1qCMsJgR1wfwqcKzkkDgYp7NPNnSMnCsG7ZxzSk6TAryGRyznDKfvHNMM+fN24H91ak9qEtpyMADd0Hpis8Ipe6Y/eXZj8xmphJNaHYkbDA0qFeo+lKtAPZzdMM7EjX/AMq1jeLL+VPDt+24HMe3t3IFaLFgcq5B9qg1RJ9W0+bT7m6mNvMu1lGOnX0rX0CZ5JaPLdMURrxmXP8Ao13Cjt52uNwgm1CTaMtsi3Y/I16BYeGRpVu8FjqF1CjsXb7pJOMdcVUtfBvwDyNY6te2pk+/5W0bqih2cdvuADtl1InGcfDn/GgsZXvNRt7W7eYo0qo4I+YAnnj1rvDoOoj/APqXUh9SpqvL4JuL+6iupNWvZ5oiCr+WCRznqKKA5y+uJLGOG2kgnjDkIpkUqGUEA4J9q+mfDJH+Sem7OB8Cm0ZzgbOP7q8au/Bb6lHEmoS3k6RElPNcJtJGPavZdBX4fwzZxjBEdoFGDnouOtLpMpyb7OD+zeXf4rB//tzL/tg/316nurx77M5h/lmihcf5iyk+pwDXsFLF+0J9nA/bAfL03R7kcGDUFP4FcH+tc0Gy2FGea6H7bZ2h8KRBY1YvcYJPVcLuyPyrzqbxVrDcJI6RcYMQCn68UnJRbFxtC8Lo0ms6lCibnLsxXpgBuvP1rpmighOLi8tYfUF9x/Jc1wccTK8sjSTGSV8n+1nqTUv7sZ3nOOp9KmWZIOJuanPaT3sSW0rzKXjBbbtGcnPGT6irFx4uZA3wlhsXdwdx4zx1HP4ZrDVxbyQlkKAMJMHuPWmaVS5PBwc5z0zWKyv0+y+KZcl169fkRWy47KpyPrk1Emq3sCCNZECjr8gOO55NRmRTz8uepwKja4RByV9+aT5v2Dx/kNtavpRsln3RtwwEYBx+AoW1nUo1XyZZjH2UADaPyoBfRngBST0G7rRJqsAydgJ78nFNc+2NRr2RtrWo7txE2cYzvx/dSfWb9G2lpgehBc1MNU4+WBcevQVYtre7vHDQWuEx/F90/jTcn9hqNme+rXUmNyyt77zj+lIXV3LIGELs/ruJrqINELbWnZcj+FOg/E1pQWcVuMRrg+vf86lLl6KWG+zlbLSdVkdW2rbpnJZmOT+HWvX9MQHwzLwB8zf7prkMAdK7LRxnw3KOuGbr/wCU10Y41FkZYKNUeYnRFvHaY3U8YY/dU4AxTN4Xs5f9I80h+vNa9mq+Rlmx8zDA5P5VLk9FG0e3Ws5QTezaOOLimzIXw9YxLt3T4H8IlPFOmjWKDmOZvTMzf41qmMelN5Y9KaSQ+K9Iz0sLOM5W2BPqxJ/rW5orA2mprsC/5v8A31UWLceBWvY25hhuCcYkgPH0YVSewyQUY2UBbS2tmdQeNmES+dsHVgvOB7nFFZQjUbSO98gp8QPMMbk5Qk5wfcV0LIF4Rm4NRMmTyTn1q6OVyZjNYkZwiMffnFA1sy8+VGfwrYaIdc9aBoARjJoFb+5k+VID8qRA+oWomgnWbzVWESHq+wBvzrXa3B7nP1qCSFHyu6X6oT/WgDF1O31O9tZLdb4xB1Ibb/ED1BrzzWNKu9KJ82NmVf8AWRg8D3NesG1WZclZEIHG5iOfcCql/o0N3DtdmDdyGOBUSVhSPIrFEa2YgBSznGDn+tW4o1EpwO3HYCtDW9L/AGPIYUAXPOMEhv8An9KzILgt8qqRJ97aQefpWEm3dEyi0SThFiYuqq/IGaxoZBDKr5xjdyK1b92MYyRz+lY1yGk3KcIy5H15qsSuLsSLUl3vjYb15ycD3qEf6S6H/l/qKzkdi0a5PrWgT/nN0CT90f1WtYxrooSE54pU8IJf8KVWI9haDHLz2yfWTP8AQGoXmsYc+bfLx/Kn+JFc7PpusSk74pyB1OM/31VbSb1Dn4W4P/8AhzS+U0UDoZtd0e3wC9xNnnggf0BqpJ4wsIx+508Pz1dif6n+6sJrCflmtrkc8DyiKB7Yg/Nbygcf6s84qfkDibEnjW4JxBFb2/fKov8AcKqyeKNTvCV+LkA7YbFU41tUXElvITz/AAcn/pQr8CchraUcc7uKTmVQT3N/Kf3kkr5/tYr1XTvFa6D4Ys2nKyKNMjCx+YAS+SpA+gIJHpXlTSWiJ8ltjP8AM/Sq87C4jGZiig7doyTUPJL0iZJ+jqvs/wBbtNP8UxXl1MI4jE8bMeQCVwM47Zr26zvra/hE1pcw3EZO3fEwZc+mRXzLHaPkMJGXHOSh5/GtCzuri2yqyyIOvySlNx+gNKGRw00TUm9nq/2vxeZ4etlbIBuSD8uesbV5Lpcgext3IyfLAPHpxU91fT3IEcs8jhWzseRjk+vX09arQubZPKR3jTkhVcgAmnJ27NYqi+r8Z8ph77cfrQtITn/NiQPXFUXmdxtNxIwPUGQkflQiJQuCS2R97cRmo4lWXjPIwLeRFkcfMwoGuZVUkR265/td/wAKhEa4ITaoPHzMTwPSpIdJlnI2Lu9MNjP40JJCtsiN5K4IIjyRwOuD/wA9qgETzEbckn04wfpW7b+Gp5SrSAQDuGcN/StW38PWcOGcGRuvoM1Sf2KUGzlodOuJwsaoQQcgfWta28MO+0zNGi91Aya6OK3jhXbEiovoq4qQLTps0WNLspW2k2ttyIwzfzNyauhR6UWKXHemopF0NgClnvRpFJIrNHG7BepAzih3R7CCr+Z67hjH0xTGkJQGYAnaD3IOK7DRTu0CQf2//tNcczyOAGdmAGBk5xXXaEc6FMMY+cdfpWsOmc/kejibMfuiP7ZqeobbhZAP5zUm8eo/OoZpB/SgzimA3GkCp7j86mjXJ6E/SkbJJbZZ0+1Ej5IJUda05iNrhV4ED4x25WokzFGI1UjH61jeJNAbxAbUG8lthbsT+7XO7OOvI9P1q4qjiy5HNnQs5PqaHOPWq7NIQMsAep4pFmwfm59qqzIlJz3oScd6j3H1NNgnGWFIAi+eeaE+xoSOT8wpthP8QoAZgfX6CoXH/m/OpiP7VCU3DBlFAFC6t454mR+4xu7iuQ1Tw0kbmUE7uisOfw+ld21sp/1i1BLpsUi4Lr+HGKiUbGmeS6jBMrfvF+X+fbWNIm5eHRPmblzgDmvZp/DWnznEoyQP4zwTXLap4CivJlksZLeGHgFDnBbPOT2zUx1oHH7HnHlDzl2yRHB42nOfpVpubq69lH9Vrt7vwFPMAscFlbuCMOjvkY+orkZLeKKfUxIJGkRgkbKPl+8N2T+WK0TsTRDCfnP0/vFKmj4LY/l/vFKmSexFgOpP5UJkX1NVf2hZtx8ZCc8j95UT6xYwqhe5AD5xzSs0SL4mx0Y/hR/GN/Ofx5qj+1dPUfNewAD+2KEarpwyfikKg7QQpzRaHRom8djgnI+lCZw3UKf/AKax73xDp1oVK3AlyOiIx/Ws+DxlbzTKGtZI4ju3MTkg9uPfvStfYKZ0+9P5V/8ASKbMf8q/+kVy9x4yiiuAqWhaIcs3mDJ+g/xqzH4usJeIoppD3VmCY/HmnoWzfzH6L/6RQMlu3BSM+2BWXF420qA4ktrtWB5AdT/Va04vHGjMypH52SMq5ZCv4nZRoKYtkIGBHH9NopGKA8GKI/8A0irK6o2oxlfjIViJ67AAfxVc4rQttPsEUGee2mcnOVugq/lsNTaGotmXa6eLxzHbWkczDkhEBxWva+EHlVTcpHEvUoIWJH5LitCO+tQAivaYHH+mjA//AGqoz61CpdYYNzc4c+Wy/wD7Yqbs0WM0rTw7p1gA4tUZ15Mjxsf024FQ3Wp6VbjEcEU+eyRjAPvkCsC4upbpgZdhwONqqo/IAVFuxRSNFGi/cam0+QsMEK46JGOfxNVQVqEufWn344zTLJty+9LPvUIbPGammgmt8GZCm7pkjn8jQA2/nBb8zUkbQjd5qyse2xgMfXINRpezxxNEkzrG3VQeDUW7vmigslzmlmotwpbqdBZLux1rsPDq7tGm/wDOP6VxJckV23hpv+xLgD+dK0j0znzejA8M6St559xMC0STFVQBvm4HXA6c+tdZHCoOcY/+lv8ACuV0LUrKzhuIrhwjeexA2FuOP7JrWPiDT44maN1kcDITyiu4+mdvFZNbKgm0i5q2orpluAvM7/cUhhj+1yBwK5yDe7tKxLE5OT3PrTN5l9K1zOeWOPugZA7cAVMgI4DYH0AqkiZzpcQ9zDocUxZ/7VNzjljgUx6deaqjGx/mPU4pEMTjJOabfjADU+8k/eyKKCxeW3v+VIRMR3FDuye9DkYooLCMTZGTT+WR3AqNjx1PPvTZ56GnQWSbD2YCmMPfcAKiYAHvQk44NKgsm8tf5xSCDH3lHaq5bFAz+nFFBZPIiBDudSv61XaKJNxwuG5JRR83Hcd6Ek46CojxjK5+lDQ0ya1dbhV8oF16Ag5wfSvMpYYvP8TrPJ5CNcJhtuf9aecdxn0ruLuwzJ5yCRf51jbYXHsfWuU1vT/ioZktLd0JIKuwGVGRnOKi2nsrs5mexmtUaQhXiZflljO5G5Hf+40qke2vNNjkkBKKeuRw3I5INKqtGdExumVuPOJJ9c/jRSeYYlcsxZzwmcnHY00EMalnklbKqSAmAc/jRfCKswK4JI4G7jNQ39jQg3SMcBDk4GCe9SfvQQ27npgknbRuuSUBUMv8WB+P1o0LYyQgZCME/wB/rTsCAxTOfvKoHGTT/CS4BZkPOODk1Pg7WCugJ5wDjir9jpd/clSI9wUcSOePb68cUWNKzOjsJpj8r71C5bA5A+lWbTRZWJdI5HHYY4J/HpXR2XhyGMq87tJIM9GIA+la8cKxgBVCgDAqbZosT9nOReFjOFaZjGB/A+JM+47j6VftvDVjA6yGFHdRjOMD8q18AUqNs0UIoZcABeQB29KMkj3oGOelODxzzRQw9+abP50BPNP1FMKHL8cUwbPal0qWK1uZl3xW88ifzJGSPzAoKoix3qxFZzTQmVREEXqXlVensSDVbOOuaE4z/wAKBhlutDwDkDH4U2fekDQILd7U4bigzSzTJYe6mLUGaWfrmgEg93Fd14XIOiXGPVOPxFcEPrXeeEf+6Zx3JT+oq4dMxzrSOKZSLqfHQSGrdtAZGHUL1JxUDOn7SmgJPmO7FQAemT36VrRxCJAg2jHJPXJqUrY/k4wSRLyqgL8oxgD0pE8AcfWhDKRuY8du1LIOT61oc45Y8AHI9qZmP5c0II68ZoVYsCeRn0FABFjnqKbcTnn9Kbdx97rQhuOO9ABbjz9abfxgmgDce5pg2B2oAIMSBzTZyO1DuPt+FMCB1JoAUhmJQx+Xtz8+7Oce2O/1pmlQuyj7y8nIOPzpbv0NNnjoeKAEzY+ntQswz2NNnqMUwbHGM0gGY4zzQFsDnpRBuoI/WgLdscdqKAjZh0xwaz7/AE8T4ZCwf0PRx/jWg3GQe9RYRRja2Dk9aTVjTo4u7tZblmt5beZlYngkDoevtSror2z3sXi2k8fK2DmlWdNFWcfOrCQEyK2MdGJA7dKYQjID7mG3OW44/wCFdJD4btwMvJMrdwp4P1FW7fSLOD/VCQ/2z0/CpRtHDJ9nN2OmtcDbBlgAR9zoD71p23hWM48+Q+4PJ/4VvqNo2rgD0HSn7809miwxXZWt9IsrXBjgjLD+IgE1aPuaan/Cii1roLPFIH0pqfJPAFMQvelnsKXHemJHYUBQhnvT5zSz3NIkn1oGkPgCln0ord4FlBuI5JI+6xuFJ/HBqS8ls5CPhbaSBR18yXeT+goGQEnPPWiFzMsfliaQJ/KHOPyqIn1IxTbs0A0OW5zSoc84ps/nQILiln6U3H40s5piY+73pZoc03agVBEk0gaEHinFIpINRnGRXeeD8Nplx64TH51wigV3fg3/ALvuR/ZX+taY/Zj5HSOctlAvL09SJSB+tWGDkgAED61XRit/qC7c4mPP51MCUHIT37VSOUdiCcEN+B6UmOeOR+FBuJ+b1pD5myD06UwCbAHf2pmZVB4oSTu4xx7UzFiQCRnr1oAIkKOOfoKHO0DpQuxx/wAKBicGkAe75R379KYMfQdaAONo78Uwbrgd+9ABFuTwOtNvwcUBbk4GPoabcd2aAJC/PHf3oS2D+lCxzznGPWmJJGMj86AHdjQFvrmn3blxx+dACRkcUAJmVhwW9jg0xYEcZFInk5PX3oSwFACJ4wTzUZOe4P4UTkEDAIxQswIxQBHghhlEx64pVImCeg/KlQIhI7k80vpSalWCR6V2Ic96fH0puSafGOtMQ+ccCnH5Uw46YpsgUBQWfSluJ6UIOetLNBSiFS3ce9DnHNXLLUorNCG060uWPVpwWP4DOBSB6KmfUUwP1qS7u/iZDJ5cMQ7JEm1V+gqDJI9KYBZ9Kbd70x565oc4NArCJNKhz9KROKYrHpFjTE+lN15oFY+SeaWTnihz7UsgdqA7Cyc802e2eaYHsTzTg5IGKRSQuc0agnvS9OKOJWkfYi5J/SgpukTWsDSuPvEAZPoK7fwiQLe9C8DaCPpmuYhhaJQoOPXHFdN4TP7u9HcJ/fW0VSZ5+Sbm7ObYAanfhsf6Yn9TRMRkAjHqaUwH7V1DLYAlPfHc0wwMkpknrzTRAiw7DGfaiJCjqMD0oOGblWGP1pn2cKOrcc80AF2zzzz1oT75pmwOgzQhyB3HtiigE+OBn9aFyQpwTTEknr+FC/IOKKALcenNDkjP1pm46nAHehGTn696KAIH8c0DEAZ4/KmcBtu5VNMWPpTAM7TxxQ5GOoFCGyAckexFNnBI3D1pAGPwFCeucmo3AB37myOwJwfwpZ9iaACPPc0JbPrQhvXGR6UicH1J4+lFAIEAYP8AWhLDPXinCtjqCfWkevHbrRQhA8gZ4pUK7xIBj5fXNKikFsc8kjmmAHqaXTpim7Z6msEekkPkA4yKROc9aHJPtSJGBQVQ+O2aWcCihikuJVihRpJGOFRBkmteTwlfwQGe5ls7dAMnzJun6UBaRjfeIGOaR+UkHIPvTMNpZQysB3HSgHTrmgA84zzTdabIpsZPANANjk46GkSKDBA4xnvTc+ooJDJ96QP/AFoc02eOvT0p0IPPpzS3UIYZ96YnHagQRI9ab60w9e1I0BQs8c4pxyKWM0gOaRSQ4GT0o1A/GmVD1yAfpSI2jPegoLOcAZ69K1bS2S1jDt996g06080CaTOB0BrQSMgkkIvpjsK0jH2cebJbpA7lUffeug8JnCXuOf3ZIzWHtJIwwIHUCrPh7X9NtLm9jn1C1jOxlw8gU7vStUc5Ru/m1q+GMr5hJ496TEKCcn++qq6pZ3+uXsdtdxSsTuAjfORVgqDJjcSV6ipQxBAowGJHuc0GCWOOgGPxqQ7R2AoV4Uc4J5IA70ARsCQRtJz70iuBgsPzo2+aQAZyPmx60m+lMCIKWzglgD27ULqeBgnmpFJ2/NtU89KBiCVHqaAGKt1BNRgnLAHdg4Pt7VMWz3H50C5JO7B54xSAjZjkEAEg/lS3kdaKTBXnOMg8UOEHOTTAFSORg8etI8EEAdefpThBvOCSMcD0pMikEYP40ALJX+GgBzxg8VIvI5BB9KFxggkkDpQADDGCB9c+lOQMYxREg5G4470A6YyAOnNAAg/wjqO5pHd6fWkw4GGAxzxTKu4bg59RQIdCCwwQfelTIgVgqk7aVAAnH0od2OBjFIk5PND+Fc6PUQ+7PrTHnmn+7kEAn2PFMTmgY4ODkcfjilk9zz70Oe5P5ml1oJHz2zS7c/QUOfzpEkiigsfOB/fTZyMZ/EUx9/0pEAUUKwh6GmOBxnrTZJOQM0sjpTELPFNk9AccelIHPWkADxmgBiSacEnjNLHHekOlAULJNLvSHFODg+lIaQ4Bx3oghPOTTKTRAk96CxwD6nmpbS2NzIck7Aec8ZoYEe4k8sfj9K1VtWgARCfzpxVnNmy1pE0cSpwAMexpyCOQCT7U4E2MA4H1pgsu4lnznoAa2OQkQbCACcZrxK+ldb66Ad+JX7/2jXsk8vwyF2jdwD0Xk15Pe6PfS3tzKllclHlcgCJu5PtUtgWfAjY8U253s2Y5M59dpr1CMArltoY8kAV5n4X02/sNdt7mWxuwiht22M5AII716dCEki3+YUzztaM5qXNLsEgZAjYXJBPoOtPsz/CRVeMSs0i+WQqtgF8/N349qNlGMssfHJO01akAW3BOTj0oZGjjRmLnAGTTKjBcLtx16ULCQdCp59MUAOCiqFGeBjmhYgsAP6VJwen60B2+YARltufagBiq+lAp5bAIGfzqQgH+GgVSCdy5GePYUwBcHaeCPf0pvkIBK/pUhHHBAqNCWQHIHt6UgGOFZSFz2PtREe2aEhivBwfWizzwRimBGOGKlsnrj0pNjGMk/hTuFDDJBzxnPSlgDuPzpWAAVWAJBB70zqo+YggCn2jJJb8j0p/LUg4Zv/VRYANs/wCgpgo3YAxUgBJIBPy0zAc/ez6igBlQbgCKVPGwyCQQe4ApUAVccnt260xz04/Ohbnkj6UJbnHPTNYnp0Hnjrg0x44BH1NCD05/A04OaAHOfXj6U2ccZpgBnFPiglsY89+evSnLZx/hTHGeKW4EUxDjHU0uvrzTBqbcRjPSgKCB9RSJBHNCScnmm3cgUCoLb79KbnPWm74yKXPegaDJx3ofp+dAQPT9aID0+tIpIIdDyKIe1CAT06UaoWIFBSBOG4ywHscUaKWwq559TUgj2npz2q/p0Ue/Lld3bPamlZnkyKKsks7aW3jyNmWPfk5q1GpjXBT81p96lgfM2gdBinaVAMNIxzwBjrWqVHA3btkc0sJibdHK+OoRcn8qdZGZcgMvsQMipo7Uvny4iT1OXpSaXdkHairnplqiWSEXTYUyBWyWLkn0AoZWgjVpHO1QMklsACrY02RFG9E47nLf0qG6t4FVY3MEm/OU25wPfNJZIPSYcWQxKmTIsZywB5bBonnYA4jI7Zp12joFH91IqrOpLDCnOMda0oQCzjaAwbP9aFpB0CEg8dKmMn/l/Kh3OckKu0cZ96AIzjHINRkAuCFIx+tTsT2qJuGyVNABYDfw/mKEBQ5wo4HUClv/ALJpkf5iOmKAH2pjotAAqljxyfQVIW96ABSScck0ALg9h+VRoyMCcAckYqbAPqKiB+Zhjocc0AMduCNo+opgBjoKPOfSmQhBtBHWgAWQbScA06xKVz0/Cj4I+9QLkg54IOKAGeFTjIXj2oDAgfdtXcBjp2qQgnrzSGAoHHHrQBHtC+g+lLBGec1JtB/iA/Go/wAMUAOpw+cdf0pUlUFh0NKgDPJwTwKHdzxQlt2eRTqCxzyPxrE9MfB9qXJpADrTE/QUEj59TQl+D1xS9uo+lMTnjvQAskjtTd8fjmnx9afB9KYDbienbrT4b8KXfrS3Y6HNKwEwHbg0LHbjg5pZ+n+FDwO9FhQ+7BweSaQJIyRikCDge9PnnAagpISlm75ohnGCR7ZpZH506le/60FUECc9etSoGIAGSRTRkdCOKnj+Y4A49qCZNRVhWsTyNkg+mMVoC32kBYxu7kUEEnlnaEZSRwSOKspIB/Ea1iqPPnNydjLA+MlcH60PyZBxyOhFSmdGG0uee3eg2IBhd361RA4m2jh5PwbFAs2HZmJPoN2cChdG24BbcTjr096JVG7kfrS4oLDN0p/h/WhWQSjcEIFJgijsM8e9N8q4GGAHQAUJILGYEnlBigCsjMSM5opCxVgituxxmm8tlRQRyBgnrQAi7AcYH0oUcsOtJhsBJJ456UMZDoGAIBGRlcGgCQ7scMAPSgGULHOSeeRTH6gUK/KOSKYEnmn0FCkxctwBtO2m8xD0/OnVt+SPXFABFj7UGw5J9TTlqDjexHc0gH5B6ClkZ+YAUup7UOAX247ZyKADABAxgfhQ4AY4PWiwB2oCBvVgGGMj60AFknuPypsNu7dM9KQIx3pmYf8AJoAfJ6cGmKEEkAc0ufU/nTNgjrQAzAk9qEgKRnucVLx7020EZBzQA0YXcMED8KVKJdxz05xjNKgDI2ck54FPnAzwKTHA4NDwSO1ZI9ERO49uO1L8aWQM0JIAOeaACI79aE/84pHGPakAD6496AH5HGBT5I9KW3vyT+VM3GRnmgB8t/NQtjOeaXzHn8PamLsw+8T+FJjoRbk56inALHvxzTL1PQ0WOMD60DoYL606jA9venCHqefxpwuTjpxQWhsDt2qRcsQMYFCEz0ytSqdooBscDdhVBLdgK1rGy8tSz4OOSf7qq2cJzv29entV2VbiRRGqbUB65wTVwXs4c+Tk+KJipZ9/yrxwoHSj2uwOXI/CqXw03Q5/9VFFAVfLkFR23dTWhzk6WyqSzMWP1pnJHRuPrUmcjhFqIud4QKuevToKQEMT+ZliABnAPr71Lx2Ofwo/mPVY6YjthB7DigACMuDk8CiUFupx+VFFGFQcknqcCk47ndimBF84Koz54yWwBRYXpu4+tKLc2SC4HuRzRglep/OkBHiPaVLDB460jsPT+tExDMuWwBS3Ang/SmBDISFJAPA44pwQUG4AmjfqMnrxSKgdDSAjwmeFFJQhHy4A9qM7fx+lCqBFA3E/UUAMQM55NMo+Zt3TjFFx6AimzuJAC8e1ADnbQFkDKD948DjrRFKBowxU8gqcg4oAdh3HBoH3bcAkHNGB6saRXg80wAzjvT9RzQxYkQPjBI5HpUgA7ikAHGM5p+OgomC5JGAD+lMEHrQBGu9XYZyp5HNHn60zfIAcAjvS596AEGCHPP5UqJcM2D0pUAYoXcOp/CmVRuAyeaVKsj0R1QMD2x6UguW6mlSoAQRTyaNEBJ/OlSoAQjG3PNN5S5/ClSoAj2gByO1EsYJ79aVKpfRSH2BRuHWmMe8qNzDI7YpUqY0SBNqg5OfWiCDOcnNKlQUEqAirFrAkswV8kUqVC7M8vRreUsduXXIYe9JSSByaVKtkeYEw+XOex7Co0yyg7sH2ApUqBjsGzjexH4UkgUMzBmyRSpUAPyP4j+lCWYnG4/pSpUwJlj/tNTNEDwSTnjk0qVDAXlgAAZAHApGME9TSpUgII03M2WJwxFSGMY70qVAAlFJGQDjp7U+wZpUqAGeMBWIJ4BoFjBUEknilSpgAyhRxQAkEkHH0pUqYD5OVGT3p5IxtByaVKpAYgjuaYpnnJzSpUALywAACacIDilSoAUkYGwgnqf6UxjHQEilSoQC28feNMQRjBNKlQBLGuSOTSpUqCT//2SAgICAgICAgICAgICAgICAgICAgICAgICAgICAgICAgICAgICAgICAgICAgICAgICAgICAgICAgICAgICAgICAgICAgICAgICAgICAgICAgICAgICAgICAgICAgICAgICAgICAgICAgICAgICAgICAgICAgICAgICAgICAgICAgICAgICAgICAgICAgICAgICAgICAgICAgICAgICAgICAgICAgICAgICAgICAgICAgICAgICAgICAgICAgICAgICAgICAgICAgICAgICAgICAgICAgICAgICAgICAgICAgICAgICAgICAgICAgICAgICAgICAgICAgICAgICAgICAgICAgICAgICAgICAgICAgICAgICAgICAgICAgICAgICAgICAgICAgICAgICAgICAgICAgICAgICAgICAgICAgICAgICAgICAgICAgICAgICAgICAgICAgICAgICAgICAgICAgICAgICAgICAgICAgICAgICAgICAgICAgICAgICAgICAgICAgICAgICAgICAgICAgICAgICAgICAgICAgICAgICAgICAgICAgICAgICAgICAgICAgICAgICAgICAgICAgICAgICAgICAgICAgICAgICAgICAgICAgICAgICAgICAgICAgICAgICAgICAgICAgICAgICAgICAgICAgICAgICAgICAgICAgICAgICAgICAgICAgICAgICAgICAgICAgICAgICAgICAgICAgICAgICAgICAgICAgICAgICAgICAgICAgICAgICAgICAgICAgICAgICAgICAgICAgICAgICAgICAgICAgICAgICAgICAgICAgICAgICAgICAgICAgICAgICAgICAgICAgICAgICAgICAgICAgICAgICAgICAgICAgICAgICAgICAgICAgICAgICAgICAgICAgICAgICAgICAgICAgICAgICAgICAgICAgICAgICAgICAgICAgICAgICAgICAgICAgICAgICAgICAgICAgICAgICAgICAgICAgICAgICAgICAgICAgICAgICAgICAgICAgICAgICAgICAgICAgICAgICAgICAgICAgICAgICAgICAgICAgICAgICAgICAgICAgICAgICAgICAgICAgICAgICAgICAgICAgICAgICAgICAgICAgICAgICAgICAgICAgICAgICAgICAgICAgICAgICAgICAgICAgICAgICAgICAgICAgICAgICAgICAgICAgICAgICAgICAgICAgICAgICAgICAgICAgICAgICAgICAgICAgICAgICAgICAgICAgICAgICAgICAgICAgICAgICAgICAgICAgICAgICAgICAgICAgICAgICAgICAgICAgICAgICAgICAgICAgICAgICAgICAgICAgICAgICAgICAgICAgICAgICAgICAgICAgICAgICAgICAgICAgICAgICAgICAgICAgICAgICAgICAgICAgICAgICAgICAgICAgICAgICAgICAgICAgICAgICAgICAgICAgICAgICAgICAgICAgICAgICAgICAgICAgICAgICAgICAgICAgICAgICAgICAgICAgICAgICAgICAgICAgICAgICAgICAgICAgICAgICAgICAgICAgICAgICAgICAgICAgICAgICAgICAgICAgICAgICAgICAgICAgICAgICAgICAgICAgICAgICAgICAgICAgICAgICAgICAgICAgICAgICAgICAgICAgICAgICAgICAgICAgICAgICAgICAgICAgICAgICAgICAgICAgICAgICAgICAgICAgICAgICAgICAgICAgICAgICAgICAgICAgICAgICAgICAgICAgICAgICAgICAgICAgICAgICAgICAgICAgICAgICAgICAgICAgICAgICAgICAgICAgICAgICAgICAgICAgICAgICAgICAgICAgICAgICAgICAgICAgICAgICAgICAgICAgICAgICAgICAgICAgICAgICAgICAgICAgICAgICAgICAgICAgICAgICAgICAgICAgICAgICAgICAgICAgICAgICAgICAgICAgICAgICAgICAgICAgICAgICAgICAgICAgICAgICAgICAgICAgICAgICAgICAgICAgICAgICAgICAgICAgICAgICAgICAgICAgICAgICAgICAgICAgICAgICAgICAgICAgICAgICAgICAgICAgICAgICAgICAgICAgICAgICAgICAgICAgICAgICAgICAgICAgICAgICAgICAgICAgICAgICAgICAgICAgICAgICAgICAgICAgICAgICAgICAgICAgICAgICAgICAgICAgICAgICAgICAgICAgICAgICAgICAgICAgICAgICAgICAgICAgICAgICAgICAgICAgICAgICAgICAgICAgICAgICAgICAgICAgICAgICAgICAgICAgICAgICAgICAgICAgICAgICAgICAgICAgICAgICAgICAgICAgICAgICAgICAgICAgICAgICAgICAgICAgICAgICAgICAgICAgICAgICAgICAgICAgICAgICAgICAgICAgICAgICAgICAgICAgICAgICAgICAgICAgICAgICAgICAgICAgICAgICAgICAgICAgICAgICAgICAgICAgICAgICAgICAgICAgICAgICAgICAgICAgICAgICAgICAgICAgICAgICAgICAgICAgICAgICAgICAgICAgICAgICAgICAgICAgICAgICAgICAgICAgICAgICAgICAgICAgICAgICAgICAgICAgICAgICAgICAgICAgICAgICAgICAgICAgICAgICAgICAgICAgICAgICAgICAgICAgICAgICAgICAgICAgICAgICAgICAgICAgICAgICAgICAgICAgICAgICAgICAgICAgICAgICAgICAgICAgICAgICAgICAgICAgICAgICAgICAgICAgICAgICAgICAgICAgICAgICAgICAgICAgICAgICAgICAgICAgICAgICAgICAgICAgICAgICAgICAgICAgICAgICAgICAgICAgICAgICAgICAgICAgICAgICAgICAgICAgICAgICAgICAgICAgICAgICAgICAgICAgICAgICAgICAgICAgICAgICAgICAgICAgICAgICAgICAgICAgICAgICAgICAgICAgICAgICAgICAgICAgICAgICAgICAgICAgICAgICAgICAgICAgICAgICAgICAgICAgICAgICAgICAgICAgICAgICAgICAgICAgICAgICAgICAgICAgICAgICAgICAgICAgICAgICAgICAgICAgICAgICAgICAgICAgICAgICAgICAgICAgICAgICAgICAgICAgICAgICAgICAgICAgICAgICAgICAgICAgICAgICAgICAgICAgICAgICAgICAgICAgICAgICAgICAgICAgICAgICAgICAgICAgICAgICAgICAgICAgICAgICAgICAgICAgICAgICAgICAgICAgICAgICAgICAgICAgICAgICAgICAgICAgICAgICAgICAgICAgICAgICAgICAgICAgICAgICAgICAgICAgICAgICAgICAgICAgICAgICAgICAgICAgICAgICAgICAgICAgICAgICAgICAgICAgICAgICAgICAgICAgICAgICAgICAgICAgICAgICAgICAgICAgICAgICAgICAgICAgICAgICAgICAgICAgICAgICAgICAgICAgICAgICAgICAgICAgICAgICAgICAgICAgICAgICAgICAgICAgICAgICAgICAgICAgICAgICAgICAgICAgICAgICAgICAgICAgICAgICAgICAgICAgICAgICAgICAgICAgICAgICAgICAgICAgICAgICAgICAgICAgICAgICAgICAgICAgICAgICAgICAgICAgICAgICAgICAgICAgICAgICAgICAgICAgICAgICAgICAgICAgICAgICAgICAgICAgICAgICAgICAgICAgICAgICAgICAgICAgICAgICAgICAgICAgICAgICAgICAgICAgICAgICAgICAgICAgICAgICAgICAgICAgICAgICAgICAgICAgICAgICAgICAgICAgICAgICAgICAgICAgICAgICAgICAgICAgICAgICAgICAgICAgICAgICAgICAgICAgICAgICAgICAgICAgICAgICAgICAgICAgICAgICAgICAgICAgICAgICAgICAgICAgICAgICAgICAgICAgICAgICAgICAgICAgICAgICAgICAgICAgICAgICAgICAgICAgICAgICAgICAgICAgICAgICAgICAgICAgICAgICAgICAgICAgICAgICAgICAgICAgICAgICAgICAgICAgICAgICAgICAgICAgICAgICAgICAgICAgICAgICAgICAgICAgICAgICAgICAgICAgICAgICAgICAgICAgICAgICAgICAgICAgICAgICAgICAgICAgICAgICAgICAgICAgICAgICAgICAgICAgICAgICAgICAgICAgICAgICAgICAgICAgICAgICAgICAgICAgICAgICAgICAgICAgICAgICAgICAgICAgICAgICAgICAgICAgICAgICAgICAgICAgICAgICAgICAgICAgICAgICAgICAgICAgICAgICAgICAgICAgICAgICAgICAgICAgICAgICAgICAgICAgICAgICAgICAgICAgICAgICAgICAgICAgICAgICAgICAgICAgICAgICAgICAgICAgICAgICAgICAgICAgICAgICAgICAgICAgICAgICAgICAgICAgICAgICAgICAgICAgICAgICAgICAgICAgICAgICAgICAgICAgICAgICAgICAgICAgICAgICAgICAgICAgICAgICAgICAgICAgICAgICAgICAgICAgICAgICAgICAgICAgICAgICAgICAgICAgICAgICAgICAgICAgICAgICAgICAgICAgICAgICAgICAgICAgICAgICAgICAgICAgICAgICAgICAgICAgICAgICAgICAgICAgICAgICAgICAgICAgICAgICAgICAgICAgICAgICAgICAgICAgICAgICAgICAgICAgICAgICAgICAgICAgICAgICAgICAgICAgICAgICAgICAgICAgICAgICAgICAgICAgICAgICAgICAgICAgICAgICAgICAgICAgICAgICAgICAgICAgICAgICAgICAgICAgICAgICAgICAgICAgICAgICAgICAgICAgICAgICAgICAgICAgICAgICAgICAgICAgICAgICAgICAgICAgICAgICAgICAgICAgICAgICAgICAgICAgICAgICAgICAgICAgICAgICAgICAgICAgICAgICAgICAgICAgICAgICAgICAgICAgICAgICAgICAgICAgICAgICAgICAgICAgICAgICAgICAgICAgICAgICAgICAgICAgICAgICAgICAgICAgICAgICAgICAgICAgICAgICAgICAgICAgICAgICAgICAgICAgICAgICAgICAgICAgICAgICAgICAgICAgICAgICAgICAgICAgICAgICAgICAgICAgICAgICAgICAgICAgICAgICAgICAgICAgICAgICAgICAgICAgICAgICAgICAgICAgICAgICAgICAgICAgICAgICAgICAgICAgICAgICAgICAgICAgICAgICAgICAgICAgICAgICAgICAgICAgICAgICAgICAgICAgICAgICAgICAgICAgICAgICAgICAgICAgICAgICAgICAgICAgICAgICAgICAgICAgICAgICAgICAgICAgICAgICAgICAgICAgICAgICAgICAgICAgICAgICAgICAgICAgICAgICAgICAgICAgICAgICAgICAgICAgICAgICAgICAgICAgICAgICAgICAgICAgICAgICAgICAgICAgICAgICAgICAgICAgICAgICAgICAgICAgICAgICAgICAgICAgICAgICAgICAgICAgICAgICAgICAgICAgICAgICAgICAgICAgICAgICAgICAgICAgICAgICAgICAgICAgICAgICAgICAgICAgICAgICAgICAgICAgICAgICAgICAgICAgICAgICAgICAgICAgICAgICAgICAgICAgICAgICAgICAgICAgICAgICAgICAgICAgICAgICAgICAgICAgICAgICAgICAgICAgICAgICAgICAgICAgICAgICAgICAgICAgICAgICAgICAgICAgICAgICAgICAgICAgICAgICAgICAgICAgICAgICAgICAgICAgICAgICAgICAgICAgICAgICAgICAgICAgICAgICAgICAgICAgICAgICAgICAgICAgICAgICAgICAgICAgICAgICAgICAgICAgICAgICAgICAgICAgICAgICAgICAgICAgICAgICAgICAgICAgICAgICAgICAgICAgICAgICAgICAgICAgICAgICAgICAgICAgICAgICAgICAgICAgICAgICAgICAgICAgICAgICAgICAgICAgICAgICAgICAgICAgICAgICAgICAgICAgICAgICAgICAgICAgICAgICAgICAgICAgICAgICAgICAgICAgICAgICAgICAgICAgICAgICAgICAgICAgICAgICAgICAgICAgICAgICAgICAgICAgICAgICAgICAgICAgICAgICAgICAgICAgICAgICAgICAgICAgICAgICAgICAgICAgICAgICAgICAgICAgICAgICAgICAgICAgICAgICAgICAgICAgICAgICAgICAgICAgICAgICAgICAgICAgICAgICAgICAgICAgICAgICAgICAgICAgICAgICAgICAgICAgICAgICAgICAgICAgICAgICAgICAgICAgICAgICAgICAgICAgICAgICAgICAgICAgICAgICAgICAgICAgICAgICAgICAgICAgICAgICAgICAgICAgICAgICAgICAgICAgICAgICAgICAgICAgICAgICAgICAgICAgICAgICAgICAgICAgICAgICAgICAgICAgICAgICAgICAgICAgICAgICAgICAgICAgICAgICAgICAgICAgICAgICAgICAgICAgICAgICAgICAgICAgICAgICAgICAgICAgICAgICAgICAgICAgICAgICAgICAgICAgICAgICAgICAgICAgICAgICAgICAgICAgICAgICAgICAgICAgICAgICAgICAgICAgICAgICAgICAgICAgICAgICAgICAgICAgICAgICAgICAgICAgICAgICAgICAgICAgICAgICAgICAgICAgICAgICAgICAgICAgICAgICAgICAgICAgICAgICAgICAgICAgICAgICAgICAgICAgICAgICAgICAgICAgICAgICAgICAgICAgICAgICAgICAgICAgICAgICAgICAgICAgICAgICAgICAgICAgICAgICAgICAgICAgICAgICAgICAgICAgICAgICAgICAgICAgICAgICAgICAgICAgICAgICAgICAgICAgICAgICAgICAgICAgICAgICAgICAgICAgICAgICAgICAgICAgICAgICAgICAgICAgICAgICAgICAgICAgICAgICAgICAgICAgICAgICAgICAgICAgICAgICAgICAgICAgICAgICAgICAgICAgICAgICAgICAgICAgICAgICAgICAgICAgICAgICAgICAgICAgICAgICAgICAgICAgICAgICAgICAgICAgICAgICAgICAgICAgICAgICAgICAgICAgICAgICAgICAgICAgICAgICAgICAgICAgICAgICAgICAgICAgICAgICAgICAgICAgICAgICAgICAgICAgICAgICAgICAgICAgICAgICAgICAgICAgICAgICAgICAgICAgICAgICAgICAgICAgICAgICAgICAgICAgICAgICAgICAgICAgICAgICAgICAgICAgICAgICAgICAgICAgICAgICAgICAgICAgICAgICAgICAgICAgICAgICAgICAgICAgICAgICAgICAgICAgICAgICAgICAgICAgICAgICAgICAgICAgICAgICAgICAgICAgICAgICAgICAgICAgICAgICAgICAgICAgICAgICAgICAgICAgICAgICAgICAgICAgICAgICAgICAgICAgICAgICAgICAgICAgICAgICAgICAgICAgICAgICAgICAgICAgICAgICAgICAgICA=', 'is paal is mooi', 0, 'admin', 1);
INSERT INTO `posts` (`Id`, `Image`, `Description`, `Likes`, `CreatorUsername`, `CreatorId`) VALUES
(4, 'data:image/jpeg;base64,/9j/4AAQSkZJRgABAQAAAQABAAD/2wCEAAoHCBUVFRgVFhUZGBgaGhgaHBwZGhoYGhgYGRkZGhoYGBgcIS4lHB4rIRgYJjgmKy8xNTU1GiQ7QDs0Py40NTEBDAwMEA8QHxISHjQhISExNDQ0MTQ0NDQ0NDQ0NDQ0NDQ0NDQ0NDQ0NDQ0NDQ0NDQ/ND80ND80PzQ0NDQ0MT80NP/AABEIAN8A4gMBIgACEQEDEQH/xAAcAAACAgMBAQAAAAAAAAAAAAAEBQMGAQIHAAj/xABAEAABAwIEBAMFBQcDAwUAAAABAAIRAyEEBRIxBkFRYSJxgRORobHBFDJi0fAHI0JSkuHxFYKyU6LiFhczQ2P/xAAZAQADAQEBAAAAAAAAAAAAAAABAgMABAX/xAAhEQADAQACAgIDAQAAAAAAAAAAAQIRITEDEkFREyIyBP/aAAwDAQACEQMRAD8ATZ3XfDGPZpJqNGpp1MdvtzB7Feovgek/F5/JJc4xrZE4kv0uEABroI5yAs4Z4qCGYg7bGG9e3cpae8l5WEud5YXw9k65AbHUQrBVaYE7wJ9yBYzQaDC/WXVDF5kn+8KyYrhGs67KgHYun02RmsRqnWczzDHVWViBEscY8PIjn1sUbgKzqrC98F3tGtkCLaJiyuGJ4CxD5OtgdG8c+U2uoWjB4X9y9zHuBlxDHkawAJLhaeVui1VqBM4xExjKZL4JAgkHaNXT3JnhqwfocwANIkACLk9PRO8BSweIcabKbHmJMNqaYHU8k0p5ExgAZTY0AQPvCB70in2WDKseiVgu53IA/kPoo9J0wP5ifcP/ACVgGVkWDG/1O/JCVKdJstL2NI3l/wCam/Gx/dCdlLxEHYBo9T4j/wAh7lvhqdieoJ/qNvmE1wtNlQnQ5j+ul+3uCkfl7mxDP+8fUI+jN7IV08KXMcP5ntaPLn81TsZk7JBkgG9u7iPlCtOaZkaNanSDQJl7pOoxB2I8lXsPmNJ7If4XN0gDVBfc7W6jZbDbpWqVXS83sDFyrDgM1Y3chCV8BRLvuPF/+oN/6UJmGGZSAdpIJ2brk7TJEbKsUswlcNvS9ZTmbHvDWkEmdvKUv4jLS3FUybnS4DnIY2PkkXBuKJxVMRvr/wCJV+xNClR9piX7kt9dIhrQO5TugKVmHLchZV1gMYdQkiQQI5p5jxWe0tcxgn8Rn5K4ZXi8GNVSrXYXv/h/hYNw0d+pRrM4y6bYin6n+yHsxPU43j8K9roInykp9kuWU34R7nga9cCd4AER7yuk/wCr4A//AH0T/vC3p5lgDtWo/wBYRdcDTK3kT/tFpk4OkAObPgAub02eICOYXWuNC0UGavug/CFziu+jyInldKjNfRnNg0aZG/eFHg8Qxp3b/UEtxz40yCQZWadZn8h9ypPQrLJrDmSDMkC110tjYAHYfALmGXwWNAES8BdSi6IhmFhSWXkDHLa3DNEYhrASGOD3xO2mLA8hdNBw7hg2G0wQf4pJd6OSRvDGJcA19QAAm4LiSDEi/Kya4TI3U2hrS6343j4AwisH1kLcEKOIwzWGPZue8ahq7kFO8z4jxdMlzKdIsDWm7DPiJbaHdWlIc1yes/S5kkg3l5ktO4BKd16BbTYHOLtVN+rUZIIqNIE/7ip0sXAyrezV3FmNEO+ys06C9zv3gaIBMb9lTsTqPjMDWNfX741fVdFdmGHdhjR9o32j6b2taZlxAggWuqLj6ellDfxUKZ8oaW/RS5KTiHPBOYvpl7WUg/UA4nXoLWtt08W6dt45ZIa7D1GkiR42mW3g+sFVHhnGPZiGNaBDzoJPIEz9E9wuHaazJAtrbfs94W1ozxhNL9odB7XxTrAgRPgIBd4W7O6qq4+oZgi+6t/G2EY3ChzQAS+ncACfGOiqmf0yys9vOT8ZI+a2thngBr4PFObNGnUv/EwkbbjwlR0MFmeoDViGDm5z3ho7kyrVkXEVGjT0VHaDqJBIMQfJO25iys1zaZLyREBrufmE6fAtLk5rlmIq1cQXVKjnllOoZc4us1rgBJ7lT5VhCcRRb1qM+cqz8Ifs/wAS59R1Vpptc1zATvDnAkj3LpOV8CYWlpcW63t2cdweoQa0ypLs57i8EwvMgffj01D80PxFwxVruoGjTL/3YDiIgXtJ9V2VmTUAZ9m2d5gTPWfRFsoMaIa0D0SKcM/Kn0cZ4a4AxNLEsqOaA1uokz1BCf55wJiMVUaTWDKTYhgF5/iM9V0kvHReFRPpPWc7w37MKAPje9wjYuj5Ixn7LsDzYf6nfmrzrCwaiG4ZtlErfsqwJ+6wtPUOd9Stv/a3BwB4xtzmVcn4mFinigeaHutN60V7iThL7TRNPXHRcaznhGvhKjA8AtJMOHbke6+jhUCW51lzMQzS8AxsY2Kb2Mt0+a89ZAYPP6Iam90K08f5E6lUbpFr+ireGwr4mJVZfBq7LDk8ltKedQf8guqndc+4aymq8UnNZ4W1JcSQAAHTz3XRRRPb3hFsm0RSvLf2Du3vC8hpimMzo86YPkYUn+ts50z70lcx3QhYbOxC5fzMj70OjnbP+mf6gsf61SNnMN/IpK9hI6LDKfXbsFvzM35KH7cfhTB0wW7eESJ3jotHU8E+NTWmBA1A2HRI3MBIAG3a57rwww6o/m+wry0WPDYXCA6mBjXC4MAEd7qR+X03uDi64MiHDmS6SOdyVWDR/Uoqhgi4gfKU35kx15WxtT4ZpQ9oL4eWuPjLoLXFw0g7XKc4fgpteoar3OM7iwBtHTsiOGOHSIc8Gd4JKv1FgaICZUmV9mkIcr4Rw1Ef/GHO6u8XulPKeGa3ZoHkApwvEplgNbMBq8StS8KDEVbJXSRkmyVzwtKjxCXuxQUT8WCou9LLxhZesh6CZWlbOqIew/qFmooa+KACGqV7JZisRulqhpgHzPOQwkShsBnwnxGFX86duSq/gmVMS9zGEgC07QtKdD0klydcy7OGPJDXA+qOxGKgSuMZdh8Rl+MYXkupvOnVyk7ArqWIr6qZd6quOSLSYFxLkbcUyf4uXqqS3hnQY/XzV2o5jpbErxe2o3VaRY+aMVjFpC7I8L7Onpn+InpvCYgLDWQtguhkDEBYWdJ6LyACkinPNYcyFMRF4/XVYsSbG0cua83TmNKgkCGiUM7mIt+uSO9kTt8bLD6LucI+xhaah6LAf+tvJMPYTssOpXu31Q37MDsYDyv23V/4ZyptNjXOb4nX8QEhIuGsG19UEizfEfRW77SNWomwTydXgj5Y1a8BG0SYulNKpqIPJNmvV4LWjeVq9yx7RR1qghM2Ip5I31ISnHY4Dmk+d5+7UadIang3i8JFmJxOnWY6kDdK5pnTMpDHG5kZspMLiy4KmYPOA6zlYsprh2yhUuXyV4wsmHrFEe0QuHYVOQVkxWjLjZAYlhTFjLKVlAHdDNCnhzbidjhYc1NwXppB5cBqm6sXEOXCQSNjKSswkugWB3hdHjpT2Jc+yC81xtPEtDGkS17D5QZVgoMDqRZ2PySbAZO1k6W7p3g5a4J6pPokp9SpY/EGm8A7HYonKMefGBc6dQ8wteJcvc9r2gXY6R5IHI6T2vaDYEEH1Cix8TkkdxC+TZsjstBxK/m1tkDjMJpe4GxBKAe2JvP1hN7v7PNqmmP/AP1b+Fq8q9r/AABeQ939g92PHW5/ReBdG63hsbStnRzHP1XJ7ITTTxHnK0c4g7WWwZPzi684D9FHTaaNqE9lsKhJgFauYDsYmO/uWHAAADbmlehLRkZ00HuG5On0RGWM9q86vut5dfNA5ZVH2dw5h0n1RWUVCwkg7q0vD0vFP6cDSpmDQ/QCN4T1jrDyVDxzCMTTcNnG/nurxRdLQrSw1PRuXpVm2Kc1h0po9qWZnT1NICZd8gQo4RwLPYe0N3Pc4uJ6yQvZzi6bLSL2hL24t1CkKTZsT8TP1VSzTB1aj9es9YXTspA2mxRWw8V3hv3dXh8jdXLhjBuFyUmwuElwkXkT6K95HhwIXL5mn0XmcWjNlOAtgyUTVZC1pMUUg6asYt22Wr36UtxuYhpuU6gVsLzWmHs7pVhcM0IOvxCxvhJQNDiSmXhrTzCLlmTwuNGkFN9mBvCGe+AD1Cmo4lFCUBZlhCQXjbmq8wNDxfmrqQHsc3qCubuJFdw5CVqeGhawnOaLHjWPvi3mFX3YQ9fOUxbitbnsIixj0UDXG3JQbOT/AFRlaL/9Pd/N815MdZ6ryHscuB+oWgeqw6Csl/IFaFw2UcNplrgCtHCeX91kunlsto7LJmIxp6LdobuBHKCswYXi7sjuBCMNiIDmbavmEZleIBOnmk+uLxdG4Mgu1xB+aKrk7f8AN5kk5osn2bUWu6FPsLcJPlb9TL9U+wzIauqCrpMzU2QGJFkwqiyCqBOzIrmMpA8kprUJNgrW7Cait6eWtHJK2yiaRV8BlpnUQrJgqemFMaACjLwFNtj7owcJQ76oaCs0qsAyqnxNnjKTC6f8qvjneWTbDM0zZrBJdCpmZ5sXO3VTx3EdStUEmBMAeqmxuKhytgU0gHPMe7XZxUOAxDpDgbyLoTHnU6UTkglwB5JvXgnVvTtmX5kH4dhJ8UCUTSxHdU7Lq+loanuBqyVBrk2luy98tKouZM0YqoO0+9XXK3eEqr8aYYsqMrgS1w0O7EXB9fokvofxsS0KEvc6Lhrlo8uMC0Ac+90yyKoHvAiQQ6fIhDGjpJHcrno5v9naBPZ+S8itB/CvJTjw3Y5oAnf5rwaD2if0AvO6SOy8SlF0y1gFokf2XgW9PisPaYgHeJtyWBTaCYJi0I4E3L278+nJa6zErXQNuv0W0iI/Q7oBPA8v8ypabTNlp7ETIde/yRGH8MNBmSmXYUWzLKOlgnc7p5SbZL8PRhjfIJgXWXbCxHZPRrVKGe1SvKHq1w0IseWS0Gqd4EJXg8e10x1hG1qllvgb5BK70urVFNWqXSbE4mHEKWFExhmGI00yR0XIuK8Y+pLTsD8V0DO8X+6sb3XL8e8kn1XTE8E6rBXg6PPmt8ViZctW1g1pndL3vJMlVaJ+xK6qmuRM8cpRTpFxhWnJcLEdUtViwCHjcQGAeis2Tvls9VRH1Q/Eeyna/uV2yp4EN6KFDsumWDwlTY+kHMLXAEHcFBYKqdgmtRkt9Eo0vCr4bCspnwNASfGs8brGNR25X2TuiZcR0kfRD5rhdD55PEjz5hQ8i4I/6OVoln8PzXkVpP6BXlHEcYK8N29P7rDY258p5fqFrRp/xEdgDyjmfcsGnqOp55ke8QghcJHQCL2ItB6XJUb3m+nb9f2WwYNwDy72H5rc0iNLf0e3kFmbAZj3BxETAnr+tlKwz5frZS/ZxvJbfyneBK8AAwmYjb81gpG5cJmeVkfluG1PHK9p+qAa+budqN7wBA3iAIhN8qwpe9sHSBcynnseey5MHhHkvByw50WC0Dl3Lo7M4MVnJbi3xIRVV90uzB91grgo+G4hNJ7mHYOI+Ku2BzNr2NIO64nxBWc3EvZ+M/G/1V/4Sn2LLpsWDLllpxNS8pBj33nzR9fEBu6X4pwIB5FL6j6JMzxUtiVRse8yVd8bgy425pRXyBxfCeXglLWUwsJW9DBklW6lkHiIhFYbKQ0EkbJ3RlH2JMvy37tuasmIw4osc8iAGz8FM9rWMYRFyJXuP3acII5uaD5FTYG0iv8ABuHdVqPqkSZ3V0pM0vEIHg/Btp4Vh5vAJ9bpwyiC7e6lb5DK0smWAuICfllknyKncFPHi0rTyjdFYr0yys4ciZ962zpv7qebSCI3vb8kwzOjLmP9D81Di2zTcOx+UoVP6sS+UVLSOrl5bau6wuI4iEBonmRbyW0giREm/r5LLKjR4nb/AJrL40zA1Xi90cAerENHwkdT+SjfUiRvuPWY35XCwa87jzlb6AfERA5Dub396ywxC95P3j0HWPRaNa4iTsCf7T6KbQG2jVv5dBHXZeL7m1oJ9fJCkjGmi25IN+9lYMhedQmxNykjNIG1jt7tgjstcS4Bsjz26bpof7IeFlF5cLKFGMo+ATvAQbrLvOuXoszCk+5CWuqkth26sb3iEpxNAG6VvkY41xvhfZ4kv5PaHeux+QTbgTiFoIovMeK3qt/2pYdumk/nLmekT9FzzBVix7XDcKq5QrblnQOOM7cx7Ws6lDYDPHuY0OF+vZVLM8c6t4ndk6yVgdSDukj3JlIyrXyddfgGhtM9Q35IDGsaMS0WhH8QY0UqVIzFmH4BUuvm3tKheL6TZBSDnR3X0NruFtkgxuYta2oFBi8xc6o5/Uqo8Q1na7OPiF03qZt4T5nn2um1jDBBknyTvirNRXw2HaL6y2esgDl6qgkpxw7RNSvTaSdLTq8tJlK1gies6pgAGsawWDQAPICExw1OSEBSE7J7leHkiVz9sr0h/k9CBKaaOSHwzYCID1ZTiJ7rAsSLEevuSnF1IY7yPyTfE7nuq/mb/A4dbe9Tt4mC3wVr2h/lXkT7AfoleXFhyC32kmIJKnYzbVIvHeFOQ0iwFtj3HL4LJYIuZ6cvcUreGwg9jNj1M+Q3vK8+kQWjkeYvCwx8z4oEevvHlK97chsidr84PSEmAJnv3DSI8vhPW6iBIAPPSdgTG+49y1c50Gwk3BjYkCSB6BZ1GYmD4iR1Cb10OmKYkAgi20ja8Aj3hWbhigNesm0wJH0VdZ2E+nLf6FWHhh7y4taZAMcx3Eq3jnKQ8dl3LbJbiacXTQKLEMkLva0vLxiCrUhQuut8yolt+SHwlUFRaelvgqH7Q8tLsK8xdhDx6G64tsV9F8UsDsO9vVpXzq8XPmVaCdBDRLSrTw0ycOexcq/hKfg1eadcL1fA9v4j8QqyhpzS153mftKdNhudIHlASTLXQHBexL7tQ2BqQ5wRwqpJ6rrquZoNb2jqn9c2JVeYdVcSs2LfRHm1BrdAb0M+kJ9whRDdTyOgB+aSZy8OfbZtlauHqBFNsc7+9R8jxEpXJb8uZKuGWUICruT0tpVow7rKUr5Gp/AyYVI0oVjlIH3VWIiPElVvHuu0coJPnsPUbqyYz7pVcxeH1PBJiOXXtC5/M8kFt4Jf9P8A/wBHe/8AsvJt9m7Ly5tObGKGNcROxn635KJ0nwgTMgTz3k9hCJLJO5JiTzjsBz2WXUxcDfrE/D3pFybOAMuN2i8WEQLWgE+/3LNKlpPj3kbkAuJ6D0U7QBbTc73kWH3kQymwaZuJJM9exPdbNMkDmk4jRMAWMnkTc/EKVtAGP+QEkb7deW6mdUbBsNVrkCY6Sh/tIgfT4/JBvGbCZrWDwxqJsZHLoVZ+HsUza2o+naFUGPa7SRPUk73sAiMqJdUY1s/eF5jc/kqeO2qGl4zpQetS5YIWF6SZfCDEUg4QVXquXGm4lu26spQWa4kMYf5neBvdzrD5oOUxpormZM1scDzBC4RnmUvovcDtuPIlfQOIIa5zAQ4tsexiYPdc/wD2gZUXs1gbG/klXAzWnO8ufLS1E8N1dNRw6j5f5QdKlFwosPUNN4d0PwKsjLsttYzfogsE/wDeOEcp+KYPeCwEc0FgGTWPdpCYsgnEXafJVnA0i+t6k+gVozQhjCeyrOXlzS58bgifNB9iWa1mB1VwF/FC6XkuE0taCOQVEyHAe0qtnYGT3XTMKyBC5/JyyaG2CsnNApNhimFOpCCYGMA8qeg9ANqyjKSOmCXCZHVJsW2Cf1zTiUnzZ0PHSLqPm/kFdGusdV5AF56hYXJ7Ilomp1C0AOMC5M/rdafadJaNVySbWtstX0zAvM/wjp+pWrTsSCBflc2gW+Pqp6iGhTq0AQYvz6XhaUngyZJMyQT5cioGDUG84Inp/i6Iq1IB3AN+U8hvG0ouuDaec7Zsm4/PZRMqbgCI7bWvHVY12bI6c+XOPeFrTu0bERHMmOSEmNqZuDfT18otHK6f8MuLsQ2eQMeV9++11X6QBJ73A5xsR23Vn4RbFciR90/T/Cp4v7Q09l1eVo5y3eEM4r1EdSRh70i4hw9R5ovpgE06mpwcYEFpgxzh2mya1ihSbrNhSF1LLyxkFxc9xL3u/me4yfTkB0CCzTCB7Cw7EH3pvUqIYs1KejpnD82y11Co5p2mySYhskldg4tycPbMbLluJpadTTvKrFbwM5+QjL8UdAB5WRGGxDWvmUsomFrUd+8VBkNMyqOqw1ux3WcZSDKTWgXmSj8lwgedR2hKczraqjgNhZCmCmh7wphbF6trKwsEi4aIbRHeU2pskrkp8iMb0KgRlNyX0WQEfQashA/DMTBjkJSZZTUnKiQNCdSU524SBB2JtyTMFKeIK2jRaxUvN/LBXQv1M/F715K34oybHc8ivLztOf2RCB4rXvYm2/1XqhAc4kG1vFystPbQ7rBEdPuz9FJqEPc7clsA/wC6/wAkiWCEBBDbH709olavMuaDzi/W5kdkRVqaWTIEC8wdhIkeiHbTMMaSCWguJiJ6/runzgwQ5kCbc2ieRBv7tlBWeLHqYBEiCCtiACG9AO87H8lpTdDiIlrWmL7GZmNzy96acZguiATewB32P+D9E84RdGIIEbOE9bSVWnPLgS353knmrJwsS2qwHmD6W39b+5P4/wC0NPZfCUPVaiGiVFVK9Q6QGu9CEomuhHIMZMVVq7g/smOGcC2yXY9nNLqOMcw2NuYU95GGmaM1NIXJOIMB4yQOZXW31A5m657nrNFQz3TR/Q6f64U8t3tBUNOj4vRNsbTB0kdEPRF10MaeR/lg00Kh5hhj3KpuMCeZKu+WUNbXM6j5pvk/A1NzmueJAMxO6ALXAlyZpFJgKf4ViKzykwVA1kQ0QQOR6KPDssuSuyYWwI/DhA0gimVYTShRtRqwiSzoltFwIsj6T5b5JzG4SHithLWRcydzHRPBUSbi3SKGs/wm3OZsbJPMv1Yl9FPdUfJ8TveFlb/aG/i+H5Ly8z1RykzKcxH3d5PJxm3lAK8+oInciCTyHKQvOcAzSN7k+QG0bIBjz7ICLkyb7eLfp0Wrox5zoYA5uqSXG9i2D8NgpX4gaWAi7z3+7YAfFQYsAaSTZ2psRblc+cHZTR4WA3I0xFul/pCwCXUSXPiGiwja55+g+KkqQwtcbviAOZJ2gfrdQV8QGwAAS3U7aBY9OakrVBaLvMuvsPLujKCZYA1l9wJMzvBNz2+qcZJidFRj3EXLRuOfr3SipT1NA5ODudzBAKNxmVGlpa7qHC82gnl1+CaU1WjT2dReYCgdcKHC19dFjjzaPkt6b5aV6q5R0p6BYgoQuROJchC5DeQ4CVmyldTCCZCc1hZA1HJGMmewzbQq/wAWYNsB58k9p1YKxnGDFag8fhJHmmjsfSs5lgKVSm1zQJDRt1VNfRLTEJtlr3NY4E7SjKDGFjyReFdjzwa8O4gl3oFdcXnYoUZ5mzfNc7oZmyiXG86bR1WaePqYt7GmzR3St4G7XRZcjDnsdUf9573G/SYCcaQAhMPDQGjkIUlasNJXPWbpJskdWAXhWlKH1CSiGVAFkIywYCqj6NS6QYPEQj6VeSmTMMWPvCW8VNLsMfMbbxeYWaeK8ag4ixINLT3BO9hdLb/ViV0VP2Te/wD3LyE9oBbWbdivLg05T//Z', 'mooi', 0, 'admin', 1);

-- --------------------------------------------------------

--
-- Tabelstructuur voor tabel `reactions`
--

CREATE TABLE `reactions` (
  `Id` int(11) NOT NULL,
  `FanId` bigint(20) NOT NULL,
  `PostId` bigint(20) NOT NULL,
  `Message` text DEFAULT NULL
) ENGINE=InnoDB DEFAULT CHARSET=utf8mb4;

--
-- Gegevens worden geëxporteerd voor tabel `reactions`
--

INSERT INTO `reactions` (`Id`, `FanId`, `PostId`, `Message`) VALUES
(1, 1, 1, 'mooi hond'),
(2, 1, 4, 'gaaf');

-- --------------------------------------------------------

--
-- Tabelstructuur voor tabel `savedposts`
--

CREATE TABLE `savedposts` (
  `Id` bigint(20) NOT NULL,
  `FanId` bigint(20) NOT NULL,
  `PostId` bigint(20) NOT NULL
) ENGINE=InnoDB DEFAULT CHARSET=utf8mb4;

-- --------------------------------------------------------

--
-- Tabelstructuur voor tabel `__efmigrationshistory`
--

CREATE TABLE `__efmigrationshistory` (
  `MigrationId` varchar(150) NOT NULL,
  `ProductVersion` varchar(32) NOT NULL
) ENGINE=InnoDB DEFAULT CHARSET=utf8mb4;

--
-- Gegevens worden geëxporteerd voor tabel `__efmigrationshistory`
--

INSERT INTO `__efmigrationshistory` (`MigrationId`, `ProductVersion`) VALUES
('20211126121509_init', '5.0.11'),
('20211126140934_table_changes', '5.0.11');

--
-- Indexen voor geëxporteerde tabellen
--

--
-- Indexen voor tabel `creatorfans`
--
ALTER TABLE `creatorfans`
  ADD PRIMARY KEY (`Id`),
  ADD KEY `IX_CreatorFans_CreatorId` (`CreatorId`),
  ADD KEY `IX_CreatorFans_FanId` (`FanId`);

--
-- Indexen voor tabel `creators`
--
ALTER TABLE `creators`
  ADD PRIMARY KEY (`Id`);

--
-- Indexen voor tabel `fans`
--
ALTER TABLE `fans`
  ADD PRIMARY KEY (`Id`),
  ADD KEY `IX_Fans_CreatorId` (`CreatorId`);

--
-- Indexen voor tabel `likedposts`
--
ALTER TABLE `likedposts`
  ADD PRIMARY KEY (`Id`),
  ADD KEY `IX_LikedPosts_FanId` (`FanId`),
  ADD KEY `IX_LikedPosts_PostId` (`PostId`);

--
-- Indexen voor tabel `posts`
--
ALTER TABLE `posts`
  ADD PRIMARY KEY (`Id`),
  ADD KEY `IX_Posts_CreatorId` (`CreatorId`);

--
-- Indexen voor tabel `reactions`
--
ALTER TABLE `reactions`
  ADD PRIMARY KEY (`Id`),
  ADD KEY `IX_Reactions_FanId` (`FanId`),
  ADD KEY `IX_Reactions_PostId` (`PostId`);

--
-- Indexen voor tabel `savedposts`
--
ALTER TABLE `savedposts`
  ADD PRIMARY KEY (`Id`),
  ADD KEY `IX_SavedPosts_FanId` (`FanId`),
  ADD KEY `IX_SavedPosts_PostId` (`PostId`);

--
-- Indexen voor tabel `__efmigrationshistory`
--
ALTER TABLE `__efmigrationshistory`
  ADD PRIMARY KEY (`MigrationId`);

--
-- AUTO_INCREMENT voor geëxporteerde tabellen
--

--
-- AUTO_INCREMENT voor een tabel `creatorfans`
--
ALTER TABLE `creatorfans`
  MODIFY `Id` bigint(20) NOT NULL AUTO_INCREMENT, AUTO_INCREMENT=3;

--
-- AUTO_INCREMENT voor een tabel `creators`
--
ALTER TABLE `creators`
  MODIFY `Id` bigint(20) NOT NULL AUTO_INCREMENT, AUTO_INCREMENT=4;

--
-- AUTO_INCREMENT voor een tabel `fans`
--
ALTER TABLE `fans`
  MODIFY `Id` bigint(20) NOT NULL AUTO_INCREMENT, AUTO_INCREMENT=4;

--
-- AUTO_INCREMENT voor een tabel `likedposts`
--
ALTER TABLE `likedposts`
  MODIFY `Id` bigint(20) NOT NULL AUTO_INCREMENT, AUTO_INCREMENT=2;

--
-- AUTO_INCREMENT voor een tabel `posts`
--
ALTER TABLE `posts`
  MODIFY `Id` bigint(20) NOT NULL AUTO_INCREMENT, AUTO_INCREMENT=5;

--
-- AUTO_INCREMENT voor een tabel `reactions`
--
ALTER TABLE `reactions`
  MODIFY `Id` int(11) NOT NULL AUTO_INCREMENT, AUTO_INCREMENT=3;

--
-- AUTO_INCREMENT voor een tabel `savedposts`
--
ALTER TABLE `savedposts`
  MODIFY `Id` bigint(20) NOT NULL AUTO_INCREMENT;

--
-- Beperkingen voor geëxporteerde tabellen
--

--
-- Beperkingen voor tabel `creatorfans`
--
ALTER TABLE `creatorfans`
  ADD CONSTRAINT `FK_CreatorFans_Creators_CreatorId` FOREIGN KEY (`CreatorId`) REFERENCES `creators` (`Id`) ON DELETE CASCADE,
  ADD CONSTRAINT `FK_CreatorFans_Fans_FanId` FOREIGN KEY (`FanId`) REFERENCES `fans` (`Id`) ON DELETE CASCADE;

--
-- Beperkingen voor tabel `fans`
--
ALTER TABLE `fans`
  ADD CONSTRAINT `FK_Fans_Creators_CreatorId` FOREIGN KEY (`CreatorId`) REFERENCES `creators` (`Id`);

--
-- Beperkingen voor tabel `likedposts`
--
ALTER TABLE `likedposts`
  ADD CONSTRAINT `FK_LikedPosts_Fans_FanId` FOREIGN KEY (`FanId`) REFERENCES `fans` (`Id`) ON DELETE CASCADE,
  ADD CONSTRAINT `FK_LikedPosts_Posts_PostId` FOREIGN KEY (`PostId`) REFERENCES `posts` (`Id`) ON DELETE CASCADE;

--
-- Beperkingen voor tabel `posts`
--
ALTER TABLE `posts`
  ADD CONSTRAINT `FK_Posts_Creators_CreatorId` FOREIGN KEY (`CreatorId`) REFERENCES `creators` (`Id`) ON DELETE CASCADE;

--
-- Beperkingen voor tabel `reactions`
--
ALTER TABLE `reactions`
  ADD CONSTRAINT `FK_Reactions_Fans_FanId` FOREIGN KEY (`FanId`) REFERENCES `fans` (`Id`) ON DELETE CASCADE,
  ADD CONSTRAINT `FK_Reactions_Posts_PostId` FOREIGN KEY (`PostId`) REFERENCES `posts` (`Id`) ON DELETE CASCADE;

--
-- Beperkingen voor tabel `savedposts`
--
ALTER TABLE `savedposts`
  ADD CONSTRAINT `FK_SavedPosts_Fans_FanId` FOREIGN KEY (`FanId`) REFERENCES `fans` (`Id`) ON DELETE CASCADE,
  ADD CONSTRAINT `FK_SavedPosts_Posts_PostId` FOREIGN KEY (`PostId`) REFERENCES `posts` (`Id`) ON DELETE CASCADE;
COMMIT;

/*!40101 SET CHARACTER_SET_CLIENT=@OLD_CHARACTER_SET_CLIENT */;
/*!40101 SET CHARACTER_SET_RESULTS=@OLD_CHARACTER_SET_RESULTS */;
/*!40101 SET COLLATION_CONNECTION=@OLD_COLLATION_CONNECTION */;
